Temp,Analysis,ID,preparation,d13C,d13C_sd,d18O,d18O_sd,d18O_outlier,D47,D47_outlier,d47,D47_SD,Temp_SD,param49,param49_sd,type,Specimen
1.1,this study,Ais1,344,-0.73,0.011,2.653,0.022,FALSE,0.848,FALSE,18.962,0.043,0.2,0.343450757,0.052182437,bivalve,mixed_1
1.1,this study,Ais1,344,-0.219,0.026,3.713,0.047,FALSE,0.675,FALSE,20.411,0.043,0.2,-0.055929504,0.156471319,bivalve,mixed_1
1.1,this study,Ais1,344,-0.809,0.021,2.888,0.042,FALSE,0.715,FALSE,19.01,0.043,0.2,0.059632309,0.11598975,bivalve,mixed_1
1.1,this study,Ais1,344,-1.326,0.019,2.919,0.039,FALSE,0.728,FALSE,18.566,0.043,0.2,0.061672867,0.128376025,bivalve,mixed_1
1.1,this study,Ais1,344,-0.906,0.012,2.76,0.03,FALSE,0.719,FALSE,18.808,0.043,0.2,0.164984381,0.06331779,bivalve,mixed_1
1.1,this study,Ais1,344,-0.645,0.015,3.564,0.031,FALSE,0.632,FALSE,19.811,0.043,0.2,0.017269682,0.089913293,bivalve,mixed_1
1.1,this study,Ais1,344,-0.57,0.025,3.506,0.054,FALSE,0.605,FALSE,19.777,0.043,0.2,-0.169754665,0.185206882,bivalve,mixed_1
1.1,this study,Ais1,344,-0.768,0.023,3.067,0.041,FALSE,0.673,FALSE,19.186,0.043,0.2,-0.032777718,0.135248153,bivalve,mixed_1
1.1,this study,Ais1,344,-0.88,0.021,2.713,0.037,FALSE,0.673,FALSE,18.691,0.043,0.2,0.003971198,0.104441826,bivalve,mixed_1
1.1,this study,Ais1,344,-0.576,0.014,3.126,0.031,FALSE,0.636,FALSE,19.385,0.043,0.2,0.036565014,0.081060759,bivalve,mixed_1
1.1,this study,Ais1,344,-0.957,0.026,2.591,0.051,FALSE,0.62,FALSE,18.441,0.043,0.2,-0.114705949,0.135880837,bivalve,mixed_1
1.1,this study,Ais1,348,-1.045,0.019,2.703,0.037,FALSE,0.701,FALSE,18.52,0.043,0.2,-0.098290772,0.083155043,bivalve,mixed_1
1.1,this study,Ais1,348,-0.714,0.029,2.79,0.054,FALSE,0.661,FALSE,18.902,0.043,0.2,-0.258923754,0.143668887,bivalve,mixed_1
1.1,this study,Ais1,348,-1.063,0.022,2.727,0.045,FALSE,0.657,FALSE,18.483,0.043,0.2,-0.16619096,0.102030524,bivalve,mixed_1
1.1,this study,Ais1,348,-0.936,0.022,2.812,0.04,FALSE,0.64,FALSE,18.683,0.043,0.2,-0.151746079,0.0883339,bivalve,mixed_1
1.1,this study,Ais1,348,-0.953,0.028,2.763,0.054,FALSE,0.625,FALSE,18.614,0.043,0.2,-0.283931273,0.149159129,bivalve,mixed_1
1.1,this study,Ais1,348,-0.958,0.019,2.315,0.031,FALSE,0.717,FALSE,18.227,0.043,0.2,-0.056856335,0.077935033,bivalve,mixed_1
1.1,this study,Ais1,348,-0.534,0.012,3.195,0.025,FALSE,0.749,FALSE,19.585,0.043,0.2,-0.235344859,0.071853787,bivalve,mixed_1
1.1,this study,Ais1,348,-0.582,0.024,3.352,0.046,FALSE,0.759,FALSE,19.707,0.043,0.2,-0.07369065,0.121721651,bivalve,mixed_1
1.1,this study,Ais1,348,-0.888,0.02,2.907,0.044,FALSE,0.729,FALSE,18.918,0.043,0.2,-0.199092081,0.099065147,bivalve,mixed_1
1.1,this study,Ais1,348,-0.997,0.039,2.533,0.064,FALSE,0.605,FALSE,18.316,0.043,0.2,-0.337649948,0.164084545,bivalve,mixed_1
1.1,this study,Ais1,395,-1.313,0.013,2.661,0.019,FALSE,0.635,FALSE,18.257,0.043,0.2,-0.085718538,0.037701514,bivalve,3
1.1,this study,Ais1,395,0.645,0.013,4.203,0.02,FALSE,0.663,FALSE,21.809,0.043,0.2,0.275100617,0.039345635,bivalve,29
1.1,this study,Ais1,395,-0.412,0.01,3.778,0.018,FALSE,0.693,FALSE,20.357,0.043,0.2,0.209544367,0.0505847,bivalve,6A
1.1,this study,Ais1,395,0.429,0.007,4.102,0.014,FALSE,0.687,FALSE,21.518,0.043,0.2,-0.031003959,0.032962991,bivalve,6B
1.1,this study,Ais1,396,-1.377,0.011,3.07,0.019,FALSE,0.741,FALSE,18.733,0.043,0.2,0.120150844,0.03462879,bivalve,3
1.1,this study,Ais1,396,0.221,0.01,4.124,0.016,FALSE,0.669,FALSE,21.326,0.043,0.2,0.034076297,0.042387098,bivalve,29
1.1,this study,Ais1,396,-0.411,0.011,3.781,0.02,FALSE,0.668,FALSE,20.347,0.043,0.2,0.171757688,0.035242499,bivalve,6A
1.1,this study,Ais1,396,0.123,0.009,4.048,0.015,FALSE,0.654,FALSE,21.148,0.043,0.2,-0.050604404,0.038353137,bivalve,6B
1.1,this study,Ais1,396,-0.807,0.008,3.524,0.014,FALSE,0.652,FALSE,19.697,0.043,0.2,0.207616233,0.045972241,bivalve,3
1.1,this study,Ais1,396,0.282,0.009,4.453,0.018,FALSE,0.599,FALSE,21.666,0.043,0.2,-0.07187709,0.027251341,bivalve,29
1.1,this study,Ais1,396,-0.33,0.01,3.763,0.015,FALSE,0.664,FALSE,20.4,0.043,0.2,0.011661001,0.035028749,bivalve,6A
1.1,this study,Ais1,396,0.024,0.012,4.301,0.026,FALSE,0.606,FALSE,21.248,0.043,0.2,0.126906702,0.040582996,bivalve,6B
1.1,this study,Ais1,397,-1.303,0.009,3.433,0.015,FALSE,0.611,FALSE,18.661,0.043,0.2,0.064367952,0.043503423,bivalve,3
1.1,this study,Ais1,397,0.15,0.011,4.202,0.02,FALSE,0.606,FALSE,20.882,0.043,0.2,0.0617709,0.041508304,bivalve,29
1.1,this study,Ais1,397,-0.346,0.012,4.225,0.022,FALSE,0.597,FALSE,20.409,0.043,0.2,0.106101258,0.034866808,bivalve,6A
1.1,this study,Ais1,397,-0.208,0.009,3.922,0.018,FALSE,0.61,FALSE,20.245,0.043,0.2,0.017530701,0.029048801,bivalve,6B
1.1,this study,Ais1,401,-1.026,0.008,3.271,0.017,FALSE,0.666,FALSE,19.223,0.043,0.2,0.106033543,0.031965892,bivalve,3
1.1,this study,Ais1,401,-0.383,0.009,3.636,0.017,FALSE,0.704,FALSE,20.28,0.043,0.2,-0.11167699,0.044957379,bivalve,6A
1.1,this study,Ais1,401,-0.885,0.009,2.939,0.02,FALSE,0.684,FALSE,19.027,0.043,0.2,-0.081585052,0.052484707,bivalve,3
1.1,this study,Ais1,401,0.318,0.012,4.197,0.013,FALSE,0.745,FALSE,21.558,0.043,0.2,0.232145353,0.038894834,bivalve,29
1.1,this study,Ais1,401,-0.251,0.009,3.898,0.021,FALSE,0.805,FALSE,20.744,0.043,0.2,0.237303843,0.060187186,bivalve,6A
1.1,this study,Ais1,401,-0.261,0.033,3.22,0.045,FALSE,0.335,TRUE,19.572,0.043,0.2,-0.717055337,0.342111864,bivalve,6B
1.1,this study,Ais1,401,-1.095,0.008,2.978,0.016,FALSE,0.594,FALSE,18.731,0.043,0.2,0.182198785,0.035323109,bivalve,3
1.1,this study,Ais1,401,0.435,0.009,4.064,0.017,FALSE,0.613,FALSE,21.381,0.043,0.2,0.129131293,0.040062472,bivalve,29
1.1,this study,Ais1,401,-0.405,0.01,3.748,0.015,FALSE,0.677,FALSE,20.293,0.043,0.2,-0.062625943,0.024037224,bivalve,6A
1.1,this study,Ais1,401,-0.208,0.009,3.557,0.017,FALSE,0.691,FALSE,20.304,0.043,0.2,0.017907452,0.028364762,bivalve,6B
1.1,this study,Ais1,145,0.116,0.05,4.432,0.069,FALSE,0.684,FALSE,21.141,0.038,0.2,6.58E-06,,bivalve,mixed_1
1.1,this study,Ais1,145,0.074,0.05,4.276,0.069,FALSE,0.732,FALSE,21.008,0.038,0.2,-0.00043391,,bivalve,mixed_1
1.1,this study,Ais1,145,-0.281,0.05,3.796,0.069,FALSE,0.749,FALSE,20.187,0.038,0.2,-0.000405904,,bivalve,mixed_1
1.1,this study,Ais1,145,0.148,0.05,4.355,0.069,FALSE,0.641,FALSE,21.106,0.038,0.2,0.000240575,,bivalve,mixed_1
1.1,this study,Ais1,145,-0.157,0.05,3.614,0.069,FALSE,0.697,FALSE,19.992,0.038,0.2,-0.00065083,,bivalve,mixed_1
1.1,this study,Ais1,145,0.292,0.05,4.496,0.069,FALSE,0.65,FALSE,21.302,0.038,0.2,-9.41E-05,,bivalve,mixed_1
1.1,this study,Ais1,145,0.282,0.05,4.596,0.069,FALSE,0.673,FALSE,21.383,0.038,0.2,-0.000466478,,bivalve,mixed_1
1.1,this study,Ais1,146,0.263,0.05,4.6,0.069,FALSE,0.723,FALSE,21.4,0.038,0.2,0.000184573,,bivalve,mixed_1
1.1,this study,Ais1,146,0.087,0.05,4.429,0.069,FALSE,0.698,FALSE,21.035,0.038,0.2,0.000792662,,bivalve,mixed_1
1.1,this study,Ais1,146,0.258,0.05,4.149,0.069,FALSE,0.722,FALSE,20.971,0.038,0.2,0.00031936,,bivalve,mixed_1
1.1,this study,Ais1,146,-0.037,0.05,3.995,0.069,FALSE,0.679,FALSE,20.481,0.038,0.2,-9.51E-05,,bivalve,mixed_1
1.1,this study,Ais1,146,-0.396,0.05,3.506,0.069,FALSE,0.762,FALSE,19.746,0.038,0.2,-0.000315106,,bivalve,mixed_1
1.1,this study,Ais1,146,-0.516,0.05,3.288,0.069,FALSE,0.922,FALSE,19.55,0.038,0.2,-0.001062679,,bivalve,mixed_1
1.1,this study,Ais1,146,0.256,0.05,4.018,0.069,FALSE,0.748,FALSE,20.938,0.038,0.2,-3.61E-05,,bivalve,29
1.1,this study,Ais1,146,0.245,0.05,4.221,0.069,FALSE,0.738,FALSE,21.134,0.038,0.2,0.000745696,,bivalve,29
1.1,this study,Ais1,153,0.394,0.05,4.282,0.069,FALSE,0.727,FALSE,21.39,0.038,0.2,0.000543142,,bivalve,29
1.1,this study,Ais1,153,0.31,0.05,4.116,0.069,FALSE,0.677,FALSE,21.116,0.038,0.2,0.000171926,,bivalve,29
1.1,this study,Ais1,153,0.375,0.05,4.183,0.069,FALSE,0.673,FALSE,21.203,0.038,0.2,0.000345725,,bivalve,29
1.1,this study,Ais1,153,-0.128,0.05,4.506,0.069,FALSE,0.719,FALSE,21.074,0.038,0.2,0.000849928,,bivalve,29
1.1,this study,Ais1,160,0.516,0.05,4.187,0.069,FALSE,0.676,FALSE,21.387,0.038,0.2,0.001163213,,bivalve,29
1.1,this study,Ais1,160,0.414,0.05,4.241,0.069,FALSE,0.684,FALSE,21.32,0.038,0.2,0.000605922,,bivalve,29
1.1,this study,Ais1,160,0.271,0.05,4.054,0.069,FALSE,0.715,FALSE,21.006,0.038,0.2,0.000310814,,bivalve,29
1.1,this study,Ais1,153,-0.62,0.05,3.377,0.069,FALSE,0.727,FALSE,19.374,0.038,0.2,0.00071918,,bivalve,3
1.1,this study,Ais1,153,-0.597,0.05,3.255,0.069,FALSE,0.653,FALSE,19.205,0.038,0.2,0.000602134,,bivalve,3
1.1,this study,Ais1,153,-1.366,0.05,2.933,0.069,FALSE,0.654,FALSE,18.154,0.038,0.2,0.000985974,,bivalve,3
1.1,this study,Ais1,160,-0.917,0.05,3.278,0.069,FALSE,0.659,FALSE,18.947,0.038,0.2,0.000759259,,bivalve,3
1.1,this study,Ais1,160,-0.818,0.05,3.346,0.069,FALSE,0.672,FALSE,19.155,0.038,0.2,0.000468643,,bivalve,3
1.1,this study,Ais1,160,-1.023,0.05,3.176,0.069,FALSE,0.637,FALSE,18.746,0.038,0.2,0.001093806,,bivalve,3
1.1,this study,Ais1,156,-0.142,0.05,3.963,0.069,FALSE,0.656,FALSE,20.38,0.038,0.2,4.64E-05,,bivalve,6A
1.1,this study,Ais1,156,-0.184,0.05,3.947,0.069,FALSE,0.659,FALSE,20.326,0.038,0.2,0.000171259,,bivalve,6A
1.1,this study,Ais1,156,-0.04,0.05,4.092,0.069,FALSE,0.708,FALSE,20.648,0.038,0.2,3.61E-05,,bivalve,6A
1.1,this study,Ais1,156,-0.027,0.05,4.105,0.069,FALSE,0.701,FALSE,20.658,0.038,0.2,0.000569654,,bivalve,6A
1.1,this study,Ais1,156,0.108,0.05,3.869,0.069,FALSE,0.638,FALSE,20.505,0.038,0.2,-0.000130301,,bivalve,6B
1.1,this study,Ais1,156,0.021,0.05,3.895,0.069,FALSE,0.66,FALSE,20.452,0.038,0.2,0.000864763,,bivalve,6B
1.1,this study,Ais1,156,0.131,0.05,3.938,0.069,FALSE,0.715,FALSE,20.692,0.038,0.2,0.000763086,,bivalve,6B
1.1,this study,Ais1,156,0.088,0.05,3.808,0.069,FALSE,0.574,FALSE,20.358,0.038,0.2,0.001625294,,bivalve,6B
3.2,this study,Ais3,371,0.307,0.012,3.456,0.018,FALSE,0.62,FALSE,20.651,0.043,0.4,-0.012060779,0.04197682,bivalve,mixed_3
3.2,this study,Ais3,371,0.383,0.012,3.599,0.025,FALSE,0.657,FALSE,20.91,0.043,0.4,0.15660002,0.041027145,bivalve,mixed_3
3.2,this study,Ais3,371,0.348,0.011,3.616,0.021,FALSE,0.601,FALSE,20.839,0.043,0.4,0.149542694,0.034296977,bivalve,mixed_3
3.2,this study,Ais3,371,0.42,0.009,3.468,0.02,FALSE,0.612,FALSE,20.767,0.043,0.4,0.039702829,0.055288971,bivalve,mixed_3
3.2,this study,Ais3,371,0.463,0.01,3.338,0.02,FALSE,0.626,FALSE,20.668,0.043,0.4,0.108895002,0.046479142,bivalve,mixed_3
3.2,this study,Ais3,371,0.517,0.012,3.659,0.025,FALSE,0.675,FALSE,21.1,0.043,0.4,0.037346117,0.037555205,bivalve,mixed_3
3.2,this study,Ais3,371,0.097,0.009,3.632,0.026,FALSE,0.69,FALSE,20.648,0.043,0.4,0.063509238,0.034392975,bivalve,mixed_3
3.2,this study,Ais3,371,0.408,0.013,3.564,0.027,FALSE,0.637,FALSE,20.835,0.043,0.4,0.059819348,0.032485492,bivalve,mixed_3
3.2,this study,Ais3,371,0.272,0.01,3.58,0.02,FALSE,0.642,FALSE,20.721,0.043,0.4,-0.030461101,0.036764206,bivalve,mixed_3
3.2,this study,Ais3,371,0.366,0.012,3.657,0.025,FALSE,0.669,FALSE,20.932,0.043,0.4,-0.011477883,0.035115933,bivalve,mixed_3
3.2,this study,Ais3,371,0.294,0.01,3.623,0.022,FALSE,0.669,FALSE,20.83,0.043,0.4,0.147877302,0.032322493,bivalve,mixed_3
3.2,this study,Ais3,373,0.472,0.011,3.658,0.024,FALSE,0.696,FALSE,21.054,0.043,0.4,0.051267539,0.038574665,bivalve,mixed_3
3.2,this study,Ais3,373,0.539,0.011,3.57,0.028,FALSE,0.687,FALSE,21.021,0.043,0.4,0.044096242,0.046118808,bivalve,mixed_3
3.2,this study,Ais3,373,-0.732,0.012,1.746,0.02,FALSE,0.802,FALSE,17.983,0.043,0.4,0.200905189,0.040170698,bivalve,mixed_3
3.2,this study,Ais3,373,0.111,0.011,3.804,0.02,FALSE,0.615,FALSE,20.771,0.043,0.4,0.019108495,0.030397791,bivalve,mixed_3
3.2,this study,Ais3,373,0.191,0.013,3.259,0.023,FALSE,0.637,FALSE,20.307,0.043,0.4,0.02421761,0.032520852,bivalve,mixed_3
3.2,this study,Ais3,373,0.467,0.01,3.383,0.02,FALSE,0.654,FALSE,20.724,0.043,0.4,0.058081585,0.039176363,bivalve,mixed_3
3.2,this study,Ais3,373,0.534,0.007,3.557,0.017,FALSE,0.653,FALSE,20.979,0.043,0.4,0.019236398,0.027368436,bivalve,mixed_3
3.2,this study,Ais3,373,0.373,0.011,3.608,0.02,FALSE,0.682,FALSE,20.9,0.043,0.4,0.085152025,0.031414063,bivalve,mixed_3
3.2,this study,Ais3,373,0.891,0.009,3.725,0.022,FALSE,0.557,FALSE,21.417,0.043,0.4,0.116371644,0.038799991,bivalve,mixed_3
3.2,this study,Ais3,373,0.608,0.014,3.557,0.02,FALSE,0.59,FALSE,20.995,0.043,0.4,0.158476476,0.044977064,bivalve,mixed_3
3.2,this study,Ais3,373,0.456,0.013,3.537,0.021,FALSE,0.642,FALSE,20.873,0.043,0.4,0.078487719,0.039319444,bivalve,mixed_3
3.2,this study,Ais3,511,0.83,0.014,3.938,0.027,FALSE,0.646,FALSE,20.949,0.029,0.4,0.156847991,0.065115923,bivalve,mixed_3
3.2,this study,Ais3,511,0.738,0.014,3.911,0.027,FALSE,0.701,FALSE,20.904,0.029,0.4,0.06831773,0.065115923,bivalve,mixed_3
3.2,this study,Ais3,511,0.525,0.014,3.484,0.027,FALSE,0.616,FALSE,20.194,0.029,0.4,0.086640116,0.065115923,bivalve,mixed_3
3.2,this study,Ais3,511,0.709,0.014,3.68,0.027,FALSE,0.668,FALSE,20.592,0.029,0.4,0.124538311,0.065115923,bivalve,mixed_3
3.2,this study,Ais3,511,0.566,0.014,3.743,0.027,FALSE,0.63,FALSE,20.55,0.029,0.4,0.103131077,0.065115923,bivalve,mixed_3
3.2,this study,Ais3,511,0.433,0.014,3.706,0.027,FALSE,0.654,FALSE,20.428,0.029,0.4,0.059230182,0.065115923,bivalve,mixed_3
3.2,this study,Ais3,511,0.655,0.014,3.637,0.027,FALSE,0.651,FALSE,20.586,0.029,0.4,0.107352543,0.065115923,bivalve,mixed_3
3.2,this study,Ais3,511,0.721,0.014,3.579,0.027,FALSE,0.694,FALSE,20.621,0.029,0.4,0.046665248,0.065115923,bivalve,mixed_3
3.2,this study,Ais3,511,0.531,0.014,3.868,0.027,FALSE,0.698,FALSE,20.75,0.029,0.4,0.093896853,0.065115923,bivalve,mixed_3
3.2,this study,Ais3,511,0.757,0.014,3.977,0.027,FALSE,0.572,FALSE,20.979,0.029,0.4,0.094846296,0.065115923,bivalve,mixed_3
3.2,this study,Ais3,511,0.671,0.014,3.957,0.027,FALSE,0.612,FALSE,20.894,0.029,0.4,0.123161492,0.065115923,bivalve,mixed_3
3.2,this study,Ais3,145,0.468,0.05,3.887,0.069,FALSE,0.653,FALSE,20.893,0.038,0.4,-0.000552957,,bivalve,mixed_3
3.2,this study,Ais3,145,0.595,0.05,3.923,0.069,FALSE,0.678,FALSE,21.089,0.038,0.4,-0.000343029,,bivalve,mixed_3
3.2,this study,Ais3,145,0.805,0.05,3.817,0.069,FALSE,0.653,FALSE,21.171,0.038,0.4,-0.000346784,,bivalve,mixed_3
3.2,this study,Ais3,145,0.638,0.05,3.965,0.069,FALSE,0.684,FALSE,21.205,0.038,0.4,-0.000176019,,bivalve,mixed_3
3.2,this study,Ais3,145,0.649,0.05,3.801,0.069,FALSE,0.863,FALSE,21.143,0.038,0.4,-0.001090588,,bivalve,mixed_3
3.2,this study,Ais3,145,0.774,0.05,3.963,0.069,FALSE,0.645,FALSE,21.22,0.038,0.4,-0.000181487,,bivalve,mixed_3
3.2,this study,Ais3,145,0.759,0.05,3.981,0.069,FALSE,0.674,FALSE,21.223,0.038,0.4,-0.00042362,,bivalve,mixed_3
3.2,this study,Ais3,146,0.545,0.05,3.881,0.069,FALSE,0.709,FALSE,20.92,0.038,0.4,0.000104396,,bivalve,mixed_3
3.2,this study,Ais3,146,0.593,0.05,3.82,0.069,FALSE,0.739,FALSE,20.942,0.038,0.4,-1.11E-05,,bivalve,mixed_3
3.2,this study,Ais3,146,0.767,0.05,3.818,0.069,FALSE,0.654,FALSE,21.066,0.038,0.4,0.00066232,,bivalve,mixed_3
3.2,this study,Ais3,146,-0.023,0.05,3.681,0.069,FALSE,0.634,FALSE,20.126,0.038,0.4,0.001067766,,bivalve,mixed_3
3.2,this study,Ais3,146,0.688,0.05,3.773,0.069,FALSE,0.734,FALSE,21.057,0.038,0.4,0.000438049,,bivalve,mixed_3
3.2,this study,Ais3,146,0.623,0.05,3.664,0.069,FALSE,0.718,FALSE,20.874,0.038,0.4,-0.000544789,,bivalve,mixed_3
3.2,this study,Ais3,146,0.549,0.05,3.723,0.069,FALSE,0.775,FALSE,20.946,0.038,0.4,0.000511389,,bivalve,mixed_3
3.2,this study,Ais3,146,0.669,0.05,3.76,0.069,FALSE,0.702,FALSE,21.041,0.038,0.4,0.000818085,,bivalve,mixed_3
3.2,this study,Ais3,153,0.557,0.05,3.841,0.069,FALSE,0.667,FALSE,20.957,0.038,0.4,0.00036908,,bivalve,mixed_3
3.2,this study,Ais3,153,0.609,0.05,3.837,0.069,FALSE,0.64,FALSE,20.984,0.038,0.4,0.000916858,,bivalve,mixed_3
3.2,this study,Ais3,153,0.498,0.05,3.911,0.069,FALSE,0.667,FALSE,21.016,0.038,0.4,0.000665475,,bivalve,mixed_3
3.2,this study,Ais3,153,0.593,0.05,3.793,0.069,FALSE,0.676,FALSE,21.031,0.038,0.4,0.000489535,,bivalve,mixed_3
3.2,this study,Ais3,153,0.581,0.05,3.797,0.069,FALSE,0.633,FALSE,20.993,0.038,0.4,0.000908418,,bivalve,mixed_3
3.2,this study,Ais3,153,0.467,0.05,3.869,0.069,FALSE,0.631,FALSE,20.93,0.038,0.4,0.001182179,,bivalve,mixed_3
3.2,this study,Ais3,153,0.658,0.05,3.82,0.069,FALSE,0.625,FALSE,21.038,0.038,0.4,0.000526554,,bivalve,mixed_3
3.2,this study,Ais3,153,0.767,0.05,3.826,0.069,FALSE,0.694,FALSE,21.229,0.038,0.4,0.000844322,,bivalve,mixed_3
3.2,this study,Ais3,156,0.485,0.05,3.848,0.069,FALSE,0.68,FALSE,20.897,0.038,0.4,0.000303128,,bivalve,mixed_3
3.2,this study,Ais3,156,0.653,0.05,3.917,0.069,FALSE,0.645,FALSE,21.107,0.038,0.4,0.000332777,,bivalve,mixed_3
3.2,this study,Ais3,156,0.73,0.05,3.877,0.069,FALSE,0.701,FALSE,21.182,0.038,0.4,0.000823662,,bivalve,mixed_3
3.2,this study,Ais3,156,0.382,0.05,3.882,0.069,FALSE,0.717,FALSE,20.873,0.038,0.4,0.000617071,,bivalve,mixed_3
3.2,this study,Ais3,156,0.554,0.05,3.846,0.069,FALSE,0.656,FALSE,20.956,0.038,0.4,0.00098987,,bivalve,mixed_3
3.2,this study,Ais3,156,0.261,0.05,4.288,0.069,FALSE,0.626,FALSE,21.053,0.038,0.4,0.000825755,,bivalve,mixed_3
3.2,this study,Ais3,156,0.533,0.05,4.034,0.069,FALSE,0.685,FALSE,21.139,0.038,0.4,-4.76E-05,,bivalve,mixed_3
3.2,this study,Ais3,156,0.707,0.05,3.884,0.069,FALSE,0.719,FALSE,21.173,0.038,0.4,0.000528769,,bivalve,mixed_3
3.2,this study,Ais3,160,0.2,0.05,4.387,0.069,FALSE,0.693,FALSE,21.229,0.038,0.4,0.000673206,,bivalve,mixed_3
3.2,this study,Ais3,160,0.149,0.05,4.154,0.069,FALSE,0.675,FALSE,20.948,0.038,0.4,0.000620765,,bivalve,mixed_3
3.2,this study,Ais3,160,0.827,0.05,3.893,0.069,FALSE,0.641,FALSE,21.314,0.038,0.4,0.000842377,,bivalve,mixed_3
3.2,this study,Ais3,160,0.385,0.05,3.872,0.069,FALSE,0.682,FALSE,20.938,0.038,0.4,0.000662472,,bivalve,mixed_3
3.2,this study,Ais3,160,0.494,0.05,3.983,0.069,FALSE,0.683,FALSE,21.156,0.038,0.4,0.000240429,,bivalve,mixed_3
3.2,this study,Ais3,160,0.501,0.05,3.722,0.069,FALSE,0.671,FALSE,20.86,0.038,0.4,0.000257363,,bivalve,mixed_3
3.2,this study,Ais3,160,0.59,0.05,3.813,0.069,FALSE,0.74,FALSE,21.111,0.038,0.4,0.000315498,,bivalve,mixed_3
3.2,this study,Ais3,160,0.608,0.05,3.852,0.069,FALSE,0.624,FALSE,21.048,0.038,0.4,0.000648997,,bivalve,mixed_3
6,Bernasconi18,A.islandica,NA,1.705,0.022,3.572,0.036,FALSE,0.606,FALSE,19.382,0.025,0.5,NA,NA,bivalve,
6,Bernasconi18,A.islandica,NA,1.653,0.022,3.547,0.036,FALSE,0.603,FALSE,19.302,0.025,0.5,NA,NA,bivalve,
6,Bernasconi18,A.islandica,NA,1.683,0.022,3.548,0.036,FALSE,0.632,FALSE,19.361,0.025,0.5,NA,NA,bivalve,
6,Bernasconi18,A.islandica,NA,1.684,0.022,3.444,0.036,FALSE,0.642,FALSE,19.266,0.025,0.5,NA,NA,bivalve,
6,Bernasconi18,A.islandica,NA,1.671,0.022,3.5,0.036,FALSE,0.666,FALSE,19.335,0.025,0.5,NA,NA,bivalve,
6,Bernasconi18,A.islandica,NA,1.699,0.022,3.514,0.036,FALSE,0.699,FALSE,19.41,0.025,0.5,NA,NA,bivalve,
6,Bernasconi18,A.islandica,NA,1.714,0.022,3.501,0.036,FALSE,0.684,FALSE,19.394,0.025,0.5,NA,NA,bivalve,
6,Bernasconi18,A.islandica,NA,1.676,0.022,3.501,0.036,FALSE,0.654,FALSE,19.328,0.025,0.5,NA,NA,bivalve,
6,Bernasconi18,A.islandica,NA,1.692,0.022,3.541,0.036,FALSE,0.631,FALSE,19.363,0.025,0.5,NA,NA,bivalve,
6,Bernasconi18,A.islandica,NA,1.636,0.022,3.47,0.036,FALSE,0.708,FALSE,19.31,0.025,0.5,NA,NA,bivalve,
6,Bernasconi18,A.islandica,NA,1.711,0.022,3.432,0.036,FALSE,0.725,FALSE,19.364,0.025,0.5,NA,NA,bivalve,
6,Bernasconi18,A.islandica,NA,1.715,0.022,3.589,0.036,FALSE,0.714,FALSE,19.52,0.025,0.5,NA,NA,bivalve,
9.7,Piasecki19,13MC-G,NA,1.82,0.035,2.42,0.091,FALSE,0.641,FALSE,23.361,0.035,1,NA,NA,foram,
9.7,Piasecki19,13MC-G,NA,1.87,0.035,2.62,0.091,FALSE,0.746,FALSE,23.377,0.035,1,NA,NA,foram,
9.7,Piasecki19,13MC-G,NA,1.87,0.035,2.51,0.091,FALSE,0.738,FALSE,23.307,0.035,1,NA,NA,foram,
9.7,Piasecki19,13MC-G,NA,1.93,0.035,2.56,0.091,FALSE,0.72,FALSE,23.375,0.035,1,NA,NA,foram,
9.7,Piasecki19,13MC-G,NA,1.96,0.035,2.55,0.091,FALSE,0.595,FALSE,23.271,0.035,1,NA,NA,foram,
9.7,Piasecki19,13MC-G,NA,2.04,0.035,2.58,0.091,FALSE,0.651,FALSE,23.423,0.035,1,NA,NA,foram,
9.7,Piasecki19,13MC-G,NA,1.93,0.035,2.58,0.091,FALSE,0.703,FALSE,23.355,0.035,1,NA,NA,foram,
9.7,Piasecki19,13MC-G,NA,2.14,0.035,2.57,0.091,FALSE,0.644,FALSE,23.488,0.035,1,NA,NA,foram,
9.7,Piasecki19,13MC-G,NA,1.99,0.035,2.84,0.091,FALSE,0.674,FALSE,23.654,0.035,1,NA,NA,foram,
9.7,Piasecki19,13MC-G,NA,2,0.035,2.76,0.091,FALSE,0.691,FALSE,23.599,0.035,1,NA,NA,foram,
9.7,Piasecki19,13MC-G,NA,1.96,0.035,2.83,0.091,FALSE,0.641,FALSE,23.58,0.035,1,NA,NA,foram,
9.7,Piasecki19,13MC-G,NA,1.9,0.035,2.78,0.091,FALSE,0.655,FALSE,23.488,0.035,1,NA,NA,foram,
9.7,Piasecki19,13MC-G,NA,1.82,0.035,2.81,0.091,FALSE,0.611,FALSE,22.54,0.035,1,NA,NA,foram,
9.7,Piasecki19,13MC-G,NA,1.76,0.035,2.98,0.091,FALSE,0.669,FALSE,22.716,0.035,1,NA,NA,foram,
9.7,Piasecki19,13MC-G,NA,1.68,0.035,2.76,0.091,FALSE,0.581,FALSE,22.328,0.035,1,NA,NA,foram,
13.9,Piasecki19,MP46-MC,NA,2.04,0.035,2.38,0.091,FALSE,0.634,FALSE,23.517,0.035,1,NA,NA,foram,
15,this study,Ais15,511,-0.11,0.014,1.225,0.027,FALSE,0.667,FALSE,17.265,0.029,0.3,0.122101071,0.065115923,bivalve,mixed_15
15,this study,Ais15,511,-0.145,0.014,1.173,0.027,FALSE,0.661,FALSE,17.205,0.029,0.3,0.112475515,0.065115923,bivalve,mixed_15
15,this study,Ais15,511,-0.089,0.014,1.399,0.027,FALSE,0.663,FALSE,17.479,0.029,0.3,0.108707737,0.065115923,bivalve,mixed_15
15,this study,Ais15,511,-0.111,0.014,1.295,0.027,FALSE,0.625,FALSE,17.272,0.029,0.3,0.088797151,0.065115923,bivalve,mixed_15
15,this study,Ais15,511,-0.154,0.014,1.417,0.027,FALSE,0.655,FALSE,17.458,0.029,0.3,0.109149746,0.065115923,bivalve,mixed_15
15,this study,Ais15,511,-0.114,0.014,1.28,0.027,FALSE,0.62,FALSE,17.344,0.029,0.3,0.055019064,0.065115923,bivalve,mixed_15
15,this study,Ais15,511,-0.139,0.014,1.295,0.027,FALSE,0.633,FALSE,17.364,0.029,0.3,0.107578475,0.065115923,bivalve,mixed_15
15,this study,Ais15,511,-0.167,0.014,1.373,0.027,FALSE,0.612,FALSE,17.384,0.029,0.3,0.08040963,0.065115923,bivalve,mixed_15
15,this study,Ais15,511,-0.167,0.014,1.24,0.027,FALSE,0.627,FALSE,17.273,0.029,0.3,0.060925311,0.065115923,bivalve,mixed_15
15,this study,Ais15,511,-0.243,0.014,1.243,0.027,FALSE,0.677,FALSE,17.268,0.029,0.3,0.043761161,0.065115923,bivalve,mixed_15
15,this study,Ais15,511,-0.244,0.014,1.072,0.027,FALSE,0.642,FALSE,17.036,0.029,0.3,0.102840605,0.065115923,bivalve,mixed_15
15,this study,Ais15,371,-0.388,0.008,1.231,0.018,FALSE,0.621,FALSE,17.636,0.043,0.3,-0.0360303,0.040413252,bivalve,mixed_15
15,this study,Ais15,371,-0.414,0.011,1.275,0.022,FALSE,0.563,FALSE,17.62,0.043,0.3,-0.113448041,0.044698855,bivalve,mixed_15
15,this study,Ais15,371,-0.325,0.012,1.155,0.025,FALSE,0.597,FALSE,17.631,0.043,0.3,-0.023572649,0.036510459,bivalve,mixed_15
15,this study,Ais15,371,-0.387,0.008,1.222,0.018,FALSE,0.609,FALSE,17.664,0.043,0.3,-0.003091724,0.03722352,bivalve,mixed_15
15,this study,Ais15,371,-0.363,0.012,1.1,0.022,FALSE,0.649,FALSE,17.601,0.043,0.3,0.072883972,0.03905921,bivalve,mixed_15
15,this study,Ais15,371,-0.388,0.014,1.03,0.024,FALSE,0.658,FALSE,17.513,0.043,0.3,0.019368438,0.036133212,bivalve,mixed_15
15,this study,Ais15,371,-0.382,0.013,0.914,0.022,FALSE,0.592,FALSE,17.349,0.043,0.3,0.061668012,0.027948234,bivalve,mixed_15
15,this study,Ais15,371,-0.354,0.01,1.057,0.022,FALSE,0.593,FALSE,17.534,0.043,0.3,-0.076815496,0.049928824,bivalve,mixed_15
15,this study,Ais15,371,-0.279,0.012,1.034,0.021,FALSE,0.58,FALSE,17.572,0.043,0.3,-0.047843684,0.033109073,bivalve,mixed_15
15,this study,Ais15,371,-0.372,0.01,1.057,0.019,FALSE,0.611,FALSE,17.514,0.043,0.3,0.014501835,0.035610207,bivalve,mixed_15
15,this study,Ais15,371,-0.414,0.011,1.096,0.024,FALSE,0.547,FALSE,17.453,0.043,0.3,0.064675149,0.037123266,bivalve,mixed_15
15,this study,Ais15,373,-0.32,0.014,1.091,0.022,FALSE,0.674,FALSE,17.579,0.043,0.3,0.059115792,0.032065815,bivalve,mixed_15
15,this study,Ais15,373,-0.437,0.013,1.183,0.021,FALSE,0.746,FALSE,17.625,0.043,0.3,0.077790345,0.034764686,bivalve,mixed_15
15,this study,Ais15,373,-0.357,0.013,0.963,0.021,FALSE,0.646,FALSE,17.384,0.043,0.3,0.170578587,0.039080833,bivalve,mixed_15
15,this study,Ais15,373,-0.377,0.04,1.085,0.041,FALSE,0.619,FALSE,17.475,0.043,0.3,0.002487077,0.046558052,bivalve,mixed_15
15,this study,Ais15,373,-0.432,0.012,1.002,0.023,FALSE,0.673,FALSE,17.385,0.043,0.3,0.073974636,0.037850327,bivalve,mixed_15
15,this study,Ais15,373,-0.501,0.01,1.116,0.02,FALSE,0.717,FALSE,17.473,0.043,0.3,0.136186274,0.030935206,bivalve,mixed_15
15,this study,Ais15,373,-0.339,0.01,1.092,0.017,FALSE,0.608,FALSE,17.523,0.043,0.3,0.103001334,0.029918025,bivalve,mixed_15
15,this study,Ais15,373,-0.36,0.011,1.076,0.019,FALSE,0.643,FALSE,17.525,0.043,0.3,0.142983005,0.044068284,bivalve,mixed_15
15,this study,Ais15,373,-0.434,0.01,1.12,0.018,FALSE,0.645,FALSE,17.5,0.043,0.3,0.040420236,0.044814075,bivalve,mixed_15
15,this study,Ais15,373,-0.484,0.012,0.766,0.022,TRUE,0.621,FALSE,17.058,0.043,0.3,0.017634185,0.041295225,bivalve,mixed_15
15,this study,Ais15,373,-0.423,0.013,1.035,0.021,FALSE,0.629,FALSE,17.405,0.043,0.3,0.20334146,0.040354276,bivalve,mixed_15
15,this study,Ais15,145,-0.288,0.05,1.408,0.069,FALSE,0.655,FALSE,17.594,0.038,0.3,-0.00075776,,bivalve,mixed_15
15,this study,Ais15,145,-0.152,0.05,1.293,0.069,FALSE,0.632,FALSE,17.627,0.038,0.3,3.03E-05,,bivalve,mixed_15
15,this study,Ais15,145,-0.177,0.05,1.538,0.069,FALSE,0.622,FALSE,17.825,0.038,0.3,0.000149849,,bivalve,mixed_15
15,this study,Ais15,145,-0.148,0.05,1.025,0.069,FALSE,0.645,FALSE,17.273,0.038,0.3,0.00033487,,bivalve,mixed_15
15,this study,Ais15,146,-0.267,0.05,1.414,0.069,FALSE,0.654,FALSE,17.515,0.038,0.3,0.000194138,,bivalve,mixed_15
15,this study,Ais15,146,-0.181,0.05,1.283,0.069,FALSE,0.646,FALSE,17.5,0.038,0.3,0.000367884,,bivalve,mixed_15
15,this study,Ais15,146,-0.193,0.05,1.241,0.069,FALSE,0.657,FALSE,17.496,0.038,0.3,-7.21E-05,,bivalve,mixed_15
15,this study,Ais15,146,-0.215,0.05,1.26,0.069,FALSE,0.675,FALSE,17.549,0.038,0.3,4.35E-05,,bivalve,mixed_15
15,this study,Ais15,153,-0.224,0.05,1.346,0.069,FALSE,0.613,FALSE,17.554,0.038,0.3,0.000629422,,bivalve,mixed_15
15,this study,Ais15,153,-0.145,0.05,1.264,0.069,FALSE,0.573,FALSE,17.551,0.038,0.3,0.000978569,,bivalve,mixed_15
15,this study,Ais15,153,-0.089,0.05,1.251,0.069,FALSE,0.564,FALSE,17.621,0.038,0.3,0.000901303,,bivalve,mixed_15
15,this study,Ais15,153,-0.187,0.05,1.227,0.069,FALSE,0.65,FALSE,17.569,0.038,0.3,0.00022994,,bivalve,mixed_15
15,this study,Ais15,153,-0.178,0.05,1.221,0.069,FALSE,0.715,FALSE,17.613,0.038,0.3,0.000237825,,bivalve,mixed_15
15,this study,Ais15,156,-0.178,0.05,1.238,0.069,FALSE,0.638,FALSE,17.502,0.038,0.3,0.000962913,,bivalve,mixed_15
15,this study,Ais15,156,-0.163,0.05,1.313,0.069,FALSE,0.604,FALSE,17.567,0.038,0.3,0.000834549,,bivalve,mixed_15
15,this study,Ais15,156,-0.198,0.05,1.364,0.069,FALSE,0.683,FALSE,17.655,0.038,0.3,1.48E-05,,bivalve,mixed_15
15,this study,Ais15,160,-0.129,0.05,1.285,0.069,FALSE,0.647,FALSE,17.65,0.038,0.3,0.000507812,,bivalve,mixed_15
15,this study,Ais15,160,-0.17,0.05,1.274,0.069,FALSE,0.674,FALSE,17.652,0.038,0.3,-2.03E-05,,bivalve,mixed_15
15,this study,Ais15,160,-0.281,0.05,1.32,0.069,FALSE,0.61,FALSE,17.527,0.038,0.3,0.000356519,,bivalve,mixed_15
15,this study,Ais15,160,-0.178,0.05,1.239,0.069,FALSE,0.672,FALSE,17.647,0.038,0.3,-3.55E-05,,bivalve,mixed_15
15,this study,Ais15,160,-0.174,0.05,1.394,0.069,FALSE,0.627,FALSE,17.763,0.038,0.3,0.000979302,,bivalve,mixed_15
15,this study,Ais15,160,-0.207,0.05,1.305,0.069,FALSE,0.624,FALSE,17.609,0.038,0.3,0.000958585,,bivalve,mixed_15
15,this study,Ais15,160,-0.189,0.05,1.382,0.069,FALSE,0.685,FALSE,17.772,0.038,0.3,0.000259711,,bivalve,mixed_15
15,this study,Ais15,160,-0.184,0.05,1.339,0.069,FALSE,0.68,FALSE,17.714,0.038,0.3,0.00068403,,bivalve,mixed_15
17.8,Piasecki19,89MC-G,NA,2.34,0.035,1.85,0.091,FALSE,0.608,FALSE,22.908,0.035,1,NA,NA,foram,
17.8,Piasecki19,89MC-G,NA,1.74,0.035,1,0.091,FALSE,0.632,FALSE,21.461,0.035,1,NA,NA,foram,
17.8,Piasecki19,89MC-G,NA,0.98,0.035,0.39,0.091,FALSE,0.618,FALSE,20.055,0.035,1,NA,NA,foram,
17.8,Piasecki19,89MC-G,NA,0.78,0.035,0.38,0.091,FALSE,0.569,FALSE,19.804,0.035,1,NA,NA,foram,
17.8,Piasecki19,89MC-G,NA,2.13,0.035,1.35,0.091,FALSE,0.637,FALSE,22.216,0.035,1,NA,NA,foram,
17.8,Piasecki19,89MC-G,NA,1.09,0.035,0.68,0.091,FALSE,0.607,FALSE,20.458,0.035,1,NA,NA,foram,
17.8,Piasecki19,89MC-G,NA,0.9,0.035,0.51,0.091,FALSE,0.613,FALSE,20.102,0.035,1,NA,NA,foram,
17.8,Piasecki19,89MC-G,NA,2.2,0.035,1.37,0.091,FALSE,0.596,FALSE,22.253,0.035,1,NA,NA,foram,
17.8,Piasecki19,89MC-G,NA,0.84,0.035,0.36,0.091,FALSE,0.635,FALSE,19.91,0.035,1,NA,NA,foram,
17.8,Piasecki19,89MC-G,NA,2.06,0.035,1.6,0.091,FALSE,0.631,FALSE,21.567,0.035,1,NA,NA,foram,
17.8,Piasecki19,89MC-G,NA,2.22,0.035,1.63,0.091,FALSE,0.592,FALSE,21.717,0.035,1,NA,NA,foram,
17.8,Piasecki19,89MC-G,NA,0.4,0.035,-2.07,0.091,FALSE,0.568,FALSE,16.123,0.035,1,NA,NA,foram,
17.8,Piasecki19,89MC-G,NA,0.57,0.035,-1.99,0.091,FALSE,0.582,FALSE,16.38,0.035,1,NA,NA,foram,
17.8,Piasecki19,89MC-G,NA,0.58,0.035,-1.64,0.091,FALSE,0.541,FALSE,16.716,0.035,1,NA,NA,foram,
17.8,Piasecki19,89MC-G,NA,0.54,0.035,-1.37,0.091,FALSE,0.586,FALSE,16.991,0.035,1,NA,NA,foram,
17.8,Piasecki19,89MC-G,NA,1.2,0.035,0.59,0.091,FALSE,0.658,FALSE,19.784,0.035,1,NA,NA,foram,
17.8,Piasecki19,89MC-G,NA,0.28,0.035,-1.89,0.091,FALSE,0.584,FALSE,16.232,0.035,1,NA,NA,foram,
17.8,Piasecki19,89MC-G,NA,1.11,0.035,0.68,0.091,FALSE,0.628,FALSE,19.74,0.035,1,NA,NA,foram,
17.8,Piasecki19,89MC-G,NA,0.45,0.035,-2.14,0.091,FALSE,0.62,FALSE,16.174,0.035,1,NA,NA,foram,
17.8,Piasecki19,89MC-G,NA,1.37,0.035,0.74,0.091,FALSE,0.642,FALSE,20.07,0.035,1,NA,NA,foram,
17.8,Piasecki19,89MC-G,NA,0.82,0.035,0.44,0.091,FALSE,0.68,FALSE,19.254,0.035,1,NA,NA,foram,
17.8,Piasecki19,89MC-G,NA,0.53,0.035,-2,0.091,FALSE,0.603,FALSE,16.38,0.035,1,NA,NA,foram,
17.8,Piasecki19,89MC-G,NA,1.42,0.035,0.9,0.091,FALSE,0.588,FALSE,20.244,0.035,1,NA,NA,foram,
17.8,Piasecki19,89MC-G,NA,0.22,0.035,-2.12,0.091,FALSE,0.643,FALSE,15.971,0.035,1,NA,NA,foram,
17.8,Piasecki19,89MC-G,NA,1,0.035,0.62,0.091,FALSE,0.643,FALSE,19.576,0.035,1,NA,NA,foram,
17.8,Piasecki19,89MC-G,NA,0.53,0.035,-1.88,0.091,FALSE,0.682,FALSE,16.566,0.035,1,NA,NA,foram,
18,this study,Ais18,344,-0.737,0.017,0.467,0.029,FALSE,0.671,FALSE,16.504,0.043,0.3,-0.024324748,0.082260522,bivalve,mixed_18
18,this study,Ais18,344,-0.67,0.015,0.531,0.037,FALSE,0.596,FALSE,16.57,0.043,0.3,-0.043034879,0.107074138,bivalve,mixed_18
18,this study,Ais18,344,-0.724,0.013,0.407,0.021,FALSE,0.617,FALSE,16.42,0.043,0.3,0.025307725,0.058064414,bivalve,mixed_18
18,this study,Ais18,344,-0.659,0.012,0.608,0.025,FALSE,0.67,FALSE,16.737,0.043,0.3,0.060358558,0.057682119,bivalve,mixed_18
18,this study,Ais18,344,-0.74,0.02,0.554,0.036,FALSE,0.636,FALSE,16.557,0.043,0.3,-0.013982821,0.106220608,bivalve,mixed_18
18,this study,Ais18,344,-0.594,0.018,0.445,0.038,FALSE,0.605,FALSE,16.56,0.043,0.3,-0.12356296,0.118197952,bivalve,mixed_18
18,this study,Ais18,344,-0.686,0.024,0.6,0.041,FALSE,0.672,FALSE,16.687,0.043,0.3,-0.153633326,0.131229711,bivalve,mixed_18
18,this study,Ais18,344,-0.669,0.015,0.523,0.029,TRUE,0.653,FALSE,16.608,0.043,0.3,-0.09058455,0.082486013,bivalve,mixed_18
18,this study,Ais18,344,-0.705,0.016,0.636,0.028,TRUE,0.658,FALSE,16.699,0.043,0.3,-0.020249659,0.094286116,bivalve,mixed_18
18,this study,Ais18,344,-0.669,0.021,0.566,0.041,FALSE,0.595,FALSE,16.607,0.043,0.3,-0.05558399,0.12885727,bivalve,mixed_18
18,this study,Ais18,344,-0.654,0.022,0.768,0.04,FALSE,0.59,FALSE,16.826,0.043,0.3,-0.110502326,0.126010165,bivalve,mixed_18
18,this study,Ais18,348,-0.592,0.021,0.561,0.042,FALSE,0.602,FALSE,16.699,0.043,0.3,-0.03884199,0.104951199,bivalve,mixed_18
18,this study,Ais18,348,-0.622,0.015,0.611,0.025,FALSE,0.687,FALSE,16.797,0.043,0.3,0.093011359,0.060252922,bivalve,mixed_18
18,this study,Ais18,348,-0.53,0.034,0.265,0.057,TRUE,0.628,FALSE,16.468,0.043,0.3,-0.24155471,0.161390943,bivalve,mixed_18
18,this study,Ais18,348,-0.651,0.017,0.539,0.036,FALSE,0.681,FALSE,16.675,0.043,0.3,-0.056528683,0.082946207,bivalve,mixed_18
18,this study,Ais18,348,-0.869,0.024,0.581,0.045,FALSE,0.613,FALSE,16.43,0.043,0.3,-0.169692888,0.132578587,bivalve,mixed_18
18,this study,Ais18,348,-0.514,0.024,0.553,0.042,FALSE,0.615,FALSE,16.751,0.043,0.3,-0.092234258,0.097056144,bivalve,mixed_18
18,this study,Ais18,348,-0.639,0.023,0.491,0.046,FALSE,0.585,FALSE,16.541,0.043,0.3,-0.099413767,0.097851323,bivalve,mixed_18
18,this study,Ais18,348,-0.7,0.018,0.495,0.041,FALSE,0.64,FALSE,16.534,0.043,0.3,-0.09643765,0.078512139,bivalve,mixed_18
18,this study,Ais18,348,-0.715,0.031,0.506,0.055,FALSE,0.639,FALSE,16.511,0.043,0.3,-0.230759025,0.145051351,bivalve,mixed_18
18,this study,Ais18,395,-1.002,0.01,0.651,0.016,FALSE,0.607,FALSE,16.457,0.043,0.3,-0.064711786,0.024958104,bivalve,89
18,this study,Ais18,396,-1.055,0.009,0.24,0.013,TRUE,0.672,FALSE,16.076,0.043,0.3,-0.029754718,0.041672922,bivalve,89
18,this study,Ais18,396,-0.665,0.01,0.83,0.019,TRUE,0.626,FALSE,17.031,0.043,0.3,0.202902933,0.040079255,bivalve,67
18,this study,Ais18,396,-0.629,0.009,0.683,0.017,FALSE,0.607,FALSE,16.894,0.043,0.3,0.0626489,0.053454629,bivalve,111
18,this study,Ais18,396,-0.658,0.008,0.532,0.015,FALSE,0.586,FALSE,16.656,0.043,0.3,0.118934981,0.042260009,bivalve,89
18,this study,Ais18,396,-0.601,0.008,0.614,0.015,FALSE,0.64,FALSE,16.85,0.043,0.3,-0.012267578,0.037061855,bivalve,67
18,this study,Ais18,396,-0.674,0.012,0.734,0.015,FALSE,0.616,FALSE,16.879,0.043,0.3,0.053878993,0.047638168,bivalve,111
18,this study,Ais18,401,-0.689,0.012,0.539,0.017,FALSE,0.644,FALSE,16.708,0.043,0.3,0.292702899,0.034295629,bivalve,111
18,this study,Ais18,401,-0.588,0.009,0.514,0.018,FALSE,0.713,FALSE,16.849,0.043,0.3,0.16203157,0.064698345,bivalve,67
18,this study,Ais18,401,-0.747,0.04,0.421,0.051,TRUE,1.068,TRUE,16.937,0.043,0.3,0.762302313,0.372506217,bivalve,89
18,this study,Ais18,401,-0.564,0.007,0.739,0.014,TRUE,0.682,FALSE,17.067,0.043,0.3,0.046172233,0.02940005,bivalve,111
18,this study,Ais18,401,-1.032,0.053,0.208,0.067,TRUE,-0.041,TRUE,15.352,0.043,0.3,-0.921102514,0.728747551,bivalve,89
18,this study,Ais18,401,-0.556,0.009,0.73,0.017,TRUE,0.608,FALSE,16.962,0.043,0.3,-0.010019612,0.038582326,bivalve,67
18,this study,Ais18,401,-0.612,0.009,0.708,0.018,TRUE,0.563,FALSE,16.842,0.043,0.3,0.113637588,0.037415401,bivalve,111
18,this study,Ais18,401,-1.019,0.01,0.243,0.014,TRUE,0.672,FALSE,16.056,0.043,0.3,-0.070561875,0.026371076,bivalve,89
18,this study,Ais18,401,-0.664,0.009,0.482,0.016,FALSE,0.655,FALSE,16.636,0.043,0.3,-0.076914052,0.029802721,bivalve,67
18,this study,Ais18,401,-0.56,0.01,0.677,0.022,FALSE,0.646,FALSE,16.934,0.043,0.3,0.139386448,0.034529668,bivalve,111
18,this study,Ais18,145,-0.531,0.05,0.677,0.069,FALSE,0.66,FALSE,16.604,0.038,0.3,0.000663865,,bivalve,mixed_18
18,this study,Ais18,145,-0.475,0.05,0.818,0.069,FALSE,0.542,FALSE,16.702,0.038,0.3,5.96E-05,,bivalve,mixed_18
18,this study,Ais18,145,-0.711,0.05,0.735,0.069,FALSE,0.61,FALSE,16.389,0.038,0.3,-0.000235703,,bivalve,mixed_18
18,this study,Ais18,145,-0.468,0.05,0.736,0.069,FALSE,0.619,FALSE,16.606,0.038,0.3,-0.000126322,,bivalve,mixed_18
18,this study,Ais18,146,-0.566,0.05,0.937,0.069,FALSE,0.665,FALSE,16.738,0.038,0.3,0.000683763,,bivalve,mixed_18
18,this study,Ais18,146,-0.286,0.05,0.658,0.069,FALSE,0.725,FALSE,16.786,0.038,0.3,-0.000582099,,bivalve,mixed_18
18,this study,Ais18,146,-0.657,0.05,0.593,0.069,FALSE,0.647,FALSE,16.32,0.038,0.3,3.89E-06,,bivalve,mixed_18
18,this study,Ais18,146,-0.152,0.05,1.274,0.069,FALSE,0.579,FALSE,17.456,0.038,0.3,0.000466145,,bivalve,mixed_18
18,this study,Ais18,146,-0.522,0.05,0.729,0.069,FALSE,0.648,FALSE,16.594,0.038,0.3,0.000871207,,bivalve,mixed_18
18,this study,Ais18,146,-0.481,0.05,0.629,0.069,FALSE,0.642,FALSE,16.564,0.038,0.3,0.00063585,,bivalve,mixed_18
18,this study,Ais18,146,-0.132,0.05,0.465,0.069,FALSE,0.694,FALSE,16.788,0.038,0.3,5.10E-05,,bivalve,mixed_18
18,this study,Ais18,146,-0.579,0.05,0.707,0.069,FALSE,0.631,FALSE,16.577,0.038,0.3,-0.000292184,,bivalve,mixed_18
18,this study,Ais18,146,-0.525,0.05,0.735,0.069,FALSE,0.677,FALSE,16.711,0.038,0.3,0.000106669,,bivalve,mixed_18
18,this study,Ais18,153,-0.53,0.05,0.814,0.069,FALSE,0.661,FALSE,16.749,0.038,0.3,0.000378811,,bivalve,mixed_18
18,this study,Ais18,153,-0.56,0.05,0.717,0.069,FALSE,0.632,FALSE,16.591,0.038,0.3,0.000878873,,bivalve,mixed_18
18,this study,Ais18,153,-0.377,0.05,0.691,0.069,FALSE,0.458,TRUE,16.657,0.038,0.3,0.000591882,,bivalve,mixed_18
18,this study,Ais18,153,-0.55,0.05,0.582,0.069,FALSE,0.579,FALSE,16.519,0.038,0.3,0.000351782,,bivalve,mixed_18
18,this study,Ais18,153,-0.686,0.05,0.635,0.069,FALSE,0.708,FALSE,16.522,0.038,0.3,0.00042869,,bivalve,mixed_18
18,this study,Ais18,153,-0.402,0.05,0.676,0.069,FALSE,0.616,FALSE,16.734,0.038,0.3,0.000574983,,bivalve,mixed_18
18,this study,Ais18,153,-0.431,0.05,0.748,0.069,FALSE,0.648,FALSE,16.812,0.038,0.3,0.00074854,,bivalve,mixed_18
18,this study,Ais18,160,-0.316,0.05,0.815,0.069,FALSE,0.681,FALSE,17.013,0.038,0.3,0.000280796,,bivalve,111
18,this study,Ais18,160,-0.639,0.05,1.043,0.069,FALSE,0.636,FALSE,16.915,0.038,0.3,0.000479873,,bivalve,111
18,this study,Ais18,160,-0.419,0.05,1.017,0.069,FALSE,0.606,FALSE,17.115,0.038,0.3,0.00087334,,bivalve,111
18,this study,Ais18,160,-0.55,0.05,0.996,0.069,FALSE,0.625,FALSE,16.98,0.038,0.3,0.000918527,,bivalve,111
18,this study,Ais18,160,-0.543,0.05,0.905,0.069,FALSE,0.627,FALSE,16.873,0.038,0.3,0.000922709,,bivalve,111
18,this study,Ais18,156,-0.399,0.05,0.964,0.069,FALSE,0.633,FALSE,17.004,0.038,0.3,0.000132621,,bivalve,67
18,this study,Ais18,156,-0.386,0.05,0.881,0.069,FALSE,0.629,FALSE,16.926,0.038,0.3,0.000260485,,bivalve,67
18,this study,Ais18,156,-0.356,0.05,0.888,0.069,FALSE,0.666,FALSE,16.986,0.038,0.3,0.000154198,,bivalve,67
18,this study,Ais18,156,-0.378,0.05,0.744,0.069,FALSE,0.656,FALSE,16.806,0.038,0.3,0.00057164,,bivalve,67
18,this study,Ais18,156,-0.62,0.05,0.833,0.069,FALSE,0.618,FALSE,16.628,0.038,0.3,0.000743974,,bivalve,89
18,this study,Ais18,156,-0.782,0.05,0.865,0.069,FALSE,0.639,FALSE,16.52,0.038,0.3,0.000377005,,bivalve,89
18,this study,Ais18,156,-0.72,0.05,0.864,0.069,FALSE,0.65,FALSE,16.608,0.038,0.3,0.000115771,,bivalve,89
18,this study,Ais18,156,-0.595,0.05,0.791,0.069,FALSE,0.679,FALSE,16.666,0.038,0.3,-0.000383724,,bivalve,89
18.5,Piasecki19,94MC-G,NA,1.28,0.035,0.82,0.091,FALSE,0.595,FALSE,21.122,0.035,1,NA,NA,foram,
18.5,Piasecki19,94MC-G,NA,1.71,0.035,0.92,0.091,FALSE,0.578,FALSE,21.617,0.035,1,NA,NA,foram,
18.5,Piasecki19,94MC-G,NA,1.64,0.035,0.96,0.091,FALSE,0.629,FALSE,21.644,0.035,1,NA,NA,foram,
18.5,Piasecki19,94MC-G,NA,1.69,0.035,0.89,0.091,FALSE,0.643,FALSE,21.629,0.035,1,NA,NA,foram,
18.5,Piasecki19,94MC-G,NA,1.77,0.035,0.74,0.091,FALSE,0.641,FALSE,21.559,0.035,1,NA,NA,foram,
18.5,Piasecki19,94MC-G,NA,1.5,0.035,0.9,0.091,FALSE,0.683,FALSE,21.499,0.035,1,NA,NA,foram,
18.5,Piasecki19,94MC-G,NA,1.85,0.035,0.86,0.091,FALSE,0.591,FALSE,21.706,0.035,1,NA,NA,foram,
18.5,Piasecki19,94MC-G,NA,1.66,0.035,0.84,0.091,FALSE,0.643,FALSE,21.602,0.035,1,NA,NA,foram,
18.5,Piasecki19,94MC-G,NA,1.37,0.035,0.82,0.091,FALSE,0.596,FALSE,21.259,0.035,1,NA,NA,foram,
18.5,Piasecki19,94MC-G,NA,1.58,0.035,0.91,0.091,FALSE,0.575,FALSE,21.535,0.035,1,NA,NA,foram,
18.5,Piasecki19,94MC-G,NA,1.55,0.035,0.9,0.091,FALSE,0.602,FALSE,21.511,0.035,1,NA,NA,foram,
18.5,Piasecki19,94MC-G,NA,1.33,0.035,0.88,0.091,FALSE,0.636,FALSE,21.296,0.035,1,NA,NA,foram,
18.5,Piasecki19,94MC-G,NA,1.33,0.035,0.87,0.091,FALSE,0.624,FALSE,21.289,0.035,1,NA,NA,foram,
18.5,Piasecki19,94MC-G,NA,1.55,0.035,0.74,0.091,FALSE,0.59,FALSE,21.279,0.035,1,NA,NA,foram,
18.5,Piasecki19,94MC-G,NA,0.87,0.035,-0.1,0.091,FALSE,0.631,FALSE,19.811,0.035,1,NA,NA,foram,
18.5,Piasecki19,94MC-G,NA,0.92,0.035,-0.16,0.091,FALSE,0.672,FALSE,19.833,0.035,1,NA,NA,foram,
18.5,Piasecki19,94MC-G,NA,0.98,0.035,-0.13,0.091,FALSE,0.586,FALSE,19.852,0.035,1,NA,NA,foram,
18.5,Piasecki19,94MC-G,NA,0.95,0.035,-0.11,0.091,FALSE,0.602,FALSE,19.854,0.035,1,NA,NA,foram,
18.5,Piasecki19,94MC-G,NA,1.01,0.035,-0.06,0.091,FALSE,0.601,FALSE,19.964,0.035,1,NA,NA,foram,
18.5,Piasecki19,94MC-G,NA,0.99,0.035,-0.14,0.091,FALSE,0.626,FALSE,19.885,0.035,1,NA,NA,foram,
18.5,Piasecki19,94MC-G,NA,0.9,0.035,-0.18,0.091,FALSE,0.562,FALSE,19.692,0.035,1,NA,NA,foram,
22,Caldarescu21,M5_145_151,NA,0.31,0.01,-1.53,0.04,FALSE,0.592442352,FALSE,16.963,0.038,1,NA,NA,bivalve,M5_145
22,Caldarescu21,M5_145_151,NA,0.31,0.01,-1.57,0.02,FALSE,0.69420396,FALSE,17.119,0.038,1,NA,NA,bivalve,M5_145
22,Caldarescu21,M5_145_151,NA,0.3,0.01,-1.64,0.02,FALSE,0.590558355,FALSE,16.956,0.038,1,NA,NA,bivalve,M5_145
22,Caldarescu21,M5_145_151,NA,0.2,0.02,-1.56,0.03,FALSE,0.627323778,FALSE,16.856,0.038,1,NA,NA,bivalve,M5_146
22,Caldarescu21,M5_145_151,NA,0.19,0.01,-1.67,0.02,FALSE,0.593403474,FALSE,16.802,0.038,1,NA,NA,bivalve,M5_146
22,Caldarescu21,M5_145_151,NA,0.14,0.01,-1.68,0.01,FALSE,0.556659792,FALSE,16.715,0.038,1,NA,NA,bivalve,M5_146
22,Caldarescu21,M5_145_151,NA,0.15,0.01,-1.29,0.04,FALSE,0.595258638,FALSE,17.057,0.038,1,NA,NA,bivalve,M5_147
22,Caldarescu21,M5_145_151,NA,0.38,0.01,-1.57,0.02,FALSE,0.578292557,FALSE,17.081,0.038,1,NA,NA,bivalve,M5_147
22,Caldarescu21,M5_145_151,NA,0.39,0.01,-1.5,0.02,FALSE,0.640473386,FALSE,17.235,0.038,1,NA,NA,bivalve,M5_147
22,Caldarescu21,M5_145_151,NA,0.37,0.02,-1.32,0.04,FALSE,0.591468208,FALSE,17.236,0.038,1,NA,NA,bivalve,M5_148
22,Caldarescu21,M5_145_151,NA,0.35,0.01,-1.45,0.02,FALSE,0.608435219,FALSE,17.204,0.038,1,NA,NA,bivalve,M5_148
22,Caldarescu21,M5_145_151,NA,0.33,0.01,-1.44,0.02,FALSE,0.567914709,FALSE,17.179,0.038,1,NA,NA,bivalve,M5_148
22,Caldarescu21,M5_145_151,NA,0.31,0.02,-1.05,0.04,FALSE,0.598037722,FALSE,17.471,0.038,1,NA,NA,bivalve,M5_149
22,Caldarescu21,M5_145_151,NA,0.35,0.01,-1.22,0.02,FALSE,0.608407201,FALSE,17.445,0.038,1,NA,NA,bivalve,M5_149
22,Caldarescu21,M5_145_151,NA,0.33,0.01,-1.23,0.02,FALSE,0.539621049,FALSE,17.364,0.038,1,NA,NA,bivalve,M5_149
22,Caldarescu21,M5_145_151,NA,0.22,0.02,-1.13,0.04,FALSE,0.618789235,FALSE,17.311,0.038,1,NA,NA,bivalve,M5_150
22,Caldarescu21,M5_145_151,NA,0.14,0.01,-1.3,0.02,FALSE,0.634820584,FALSE,17.221,0.038,1,NA,NA,bivalve,M5_150
22,Caldarescu21,M5_145_151,NA,0.21,0.01,-1.2,0.02,FALSE,0.631978139,FALSE,17.352,0.038,1,NA,NA,bivalve,M5_150
22,Caldarescu21,M5_145_151,NA,0.3,0.01,-1.33,0.02,FALSE,0.608411618,FALSE,17.407,0.038,1,NA,NA,bivalve,M5_151
22,Caldarescu21,M5_145_151,NA,0.19,0.01,-1.5,0.02,FALSE,0.532128312,FALSE,16.964,0.038,1,NA,NA,bivalve,M5_151
22,Caldarescu21,M5_145_151,NA,0.18,0.01,-1.57,0.02,FALSE,0.635795658,FALSE,16.94,0.038,1,NA,NA,bivalve,M5_151
22.7,Kele15,Palagio travertine,NA,2.465,0.083,-6.135,0.131,FALSE,0.605,FALSE,10.084,0.099,1,NA,NA,travertine,
22.7,Kele15,Palagio travertine,NA,2.481,0.083,-6.112,0.131,FALSE,0.591,FALSE,10.109,0.099,1,NA,NA,travertine,
22.7,Kele15,Palagio travertine,NA,2.458,0.083,-6.156,0.131,FALSE,0.638,FALSE,10.088,0.099,1,NA,NA,travertine,
22.7,Kele15,Palagio travertine,NA,2.474,0.083,-6.117,0.131,FALSE,0.607,FALSE,10.111,0.099,1,NA,NA,travertine,
22.7,Kele15,Palagio travertine,NA,2.476,0.083,-6.147,0.131,FALSE,0.627,FALSE,10.103,0.099,1,NA,NA,travertine,
22.7,Kele15,Palagio travertine,NA,2.454,0.083,-6.127,0.131,FALSE,0.549,FALSE,10.023,0.099,1,NA,NA,travertine,
22.7,Kele15,Palagio travertine,NA,2.482,0.083,-6.156,0.131,FALSE,0.617,FALSE,10.091,0.099,1,NA,NA,travertine,
22.7,Kele15,Palagio travertine,NA,2.474,0.083,-6.142,0.131,FALSE,0.548,FALSE,10.027,0.099,1,NA,NA,travertine,
22.7,Kele15,Palagio travertine,NA,2.446,0.083,-6.213,0.131,FALSE,0.6,FALSE,9.979,0.099,1,NA,NA,travertine,
22.7,Kele15,Palagio travertine,NA,2.463,0.083,-6.083,0.131,FALSE,0.59,FALSE,10.118,0.099,1,NA,NA,travertine,
22.7,Kele15,Palagio travertine,NA,2.427,0.083,-6.204,0.131,FALSE,0.649,FALSE,9.978,0.099,1,NA,NA,travertine,
22.7,Kele15,Palagio travertine,NA,2.525,0.083,-6.028,0.131,FALSE,0.533,FALSE,10.131,0.099,1,NA,NA,travertine,
22.7,Kele15,Palagio travertine,NA,2.504,0.083,-5.956,0.131,FALSE,0.649,FALSE,10.323,0.099,1,NA,NA,travertine,
22.7,Kele15,Palagio travertine,NA,2.495,0.083,-6.026,0.131,FALSE,0.593,FALSE,10.163,0.099,1,NA,NA,travertine,
22.7,Kele15,Palagio travertine,NA,2.477,0.083,-6.089,0.131,FALSE,0.686,FALSE,10.166,0.099,1,NA,NA,travertine,
22.7,Kele15,Palagio travertine,NA,2.517,0.083,-6.061,0.131,FALSE,0.673,FALSE,10.223,0.099,1,NA,NA,travertine,
22.7,Kele15,Palagio travertine,NA,2.439,0.083,-6.134,0.131,FALSE,0.647,FALSE,10.048,0.099,1,NA,NA,travertine,
22.7,Kele15,Palagio travertine,NA,2.518,0.083,-6.021,0.131,FALSE,0.618,FALSE,10.213,0.099,1,NA,NA,travertine,
22.7,Kele15,Palagio travertine,NA,2.539,0.083,-6.004,0.131,FALSE,0.59,FALSE,10.224,0.099,1,NA,NA,travertine,
22.7,Kele15,Palagio travertine,NA,2.513,0.083,-6.074,0.131,FALSE,0.566,FALSE,10.104,0.099,1,NA,NA,travertine,
22.7,Kele15,Palagio travertine,NA,2.424,0.083,-6.124,0.131,FALSE,0.614,FALSE,10.01,0.099,1,NA,NA,travertine,
22.7,Kele15,Palagio travertine,NA,2.542,0.083,-5.993,0.131,FALSE,0.607,FALSE,10.251,0.099,1,NA,NA,travertine,
22.7,Kele15,Palagio travertine,NA,2.325,0.083,-6.117,0.131,FALSE,0.522,FALSE,9.834,0.099,1,NA,NA,travertine,
22.7,Kele15,Palagio travertine,NA,2.486,0.083,-5.983,0.131,FALSE,0.6,FALSE,10.202,0.099,1,NA,NA,travertine,
22.7,Kele15,Palagio travertine,NA,2.376,0.083,-6.232,0.131,FALSE,0.562,FALSE,9.802,0.099,1,NA,NA,travertine,
22.7,Kele15,Palagio travertine,NA,2.52,0.083,-6.043,0.131,FALSE,0.561,FALSE,10.134,0.099,1,NA,NA,travertine,
22.7,Kele15,Palagio travertine,NA,2.402,0.083,-6.28,0.131,FALSE,0.561,FALSE,9.745,0.099,1,NA,NA,travertine,
22.7,Kele15,Palagio travertine,NA,2.516,0.083,-6.054,0.131,FALSE,0.56,FALSE,10.118,0.099,1,NA,NA,travertine,
22.7,Kele15,Palagio travertine,NA,2.522,0.083,-5.963,0.131,FALSE,0.534,FALSE,10.194,0.099,1,NA,NA,travertine,
22.7,Kele15,Palagio travertine,NA,2.478,0.083,-6.093,0.131,FALSE,0.61,FALSE,10.09,0.099,1,NA,NA,travertine,
23.5,Caldarescu21,M5_134_144,NA,0.66,0.01,-2.84,0.02,FALSE,0.564273322,FALSE,16.076,0.038,1,NA,NA,bivalve,M5_134
23.5,Caldarescu21,M5_134_144,NA,0.68,0.01,-2.78,0.02,FALSE,0.617035216,FALSE,16.186,0.038,1,NA,NA,bivalve,M5_134
23.5,Caldarescu21,M5_134_144,NA,0.6,0.01,-2.86,0.02,FALSE,0.544495372,FALSE,15.968,0.038,1,NA,NA,bivalve,M5_135
23.5,Caldarescu21,M5_134_144,NA,0.62,0.01,-2.78,0.02,FALSE,0.536004774,FALSE,16.045,0.038,1,NA,NA,bivalve,M5_135
23.5,Caldarescu21,M5_134_144,NA,0.42,0.01,-2.64,0.02,FALSE,0.567103792,FALSE,16.048,0.038,1,NA,NA,bivalve,M5_136
23.5,Caldarescu21,M5_134_144,NA,0.44,0.01,-2.65,0.02,FALSE,0.561451222,FALSE,16.032,0.038,1,NA,NA,bivalve,M5_136
23.5,Caldarescu21,M5_134_144,NA,0.41,0.01,-2.62,0.02,FALSE,0.618934907,FALSE,16.058,0.038,1,NA,NA,bivalve,M5_136
23.5,Caldarescu21,M5_134_144,NA,0.6,0.01,-2.36,0.02,FALSE,0.554800326,FALSE,16.497,0.038,1,NA,NA,bivalve,M5_137
23.5,Caldarescu21,M5_134_144,NA,0.53,0.01,-2.4,0.02,FALSE,0.573660983,FALSE,16.389,0.038,1,NA,NA,bivalve,M5_137
23.5,Caldarescu21,M5_134_144,NA,0.52,0.01,-2.49,0.02,FALSE,0.575561721,FALSE,16.252,0.038,1,NA,NA,bivalve,M5_137
23.5,Caldarescu21,M5_134_144,NA,0.53,0.01,-2.02,0.03,FALSE,0.610380367,FALSE,16.685,0.038,1,NA,NA,bivalve,M5_138
23.5,Caldarescu21,M5_134_144,NA,0.47,0.01,-2.22,0.02,FALSE,0.634896849,FALSE,16.565,0.038,1,NA,NA,bivalve,M5_138
23.5,Caldarescu21,M5_134_144,NA,0.5,0.01,-2.24,0.02,FALSE,0.584954381,FALSE,16.522,0.038,1,NA,NA,bivalve,M5_138
23.5,Caldarescu21,M5_134_144,NA,0.5,0.01,-2.07,0.03,FALSE,0.658447559,FALSE,16.646,0.038,1,NA,NA,bivalve,M5_139
23.5,Caldarescu21,M5_134_144,NA,0.46,0.01,-2.21,0.02,FALSE,0.610396643,FALSE,16.545,0.038,1,NA,NA,bivalve,M5_139
23.5,Caldarescu21,M5_134_144,NA,0.48,0.01,-2.33,0.02,FALSE,0.553870826,FALSE,16.386,0.038,1,NA,NA,bivalve,M5_139
23.5,Caldarescu21,M5_134_144,NA,0.52,0.01,-2.32,0.03,FALSE,0.576494244,FALSE,16.337,0.038,1,NA,NA,bivalve,M5_140
23.5,Caldarescu21,M5_134_144,NA,0.52,0.01,-2.28,0.02,FALSE,0.579301811,FALSE,16.506,0.038,1,NA,NA,bivalve,M5_140
23.5,Caldarescu21,M5_134_144,NA,0.56,0.01,-2.31,0.02,FALSE,0.614166264,FALSE,16.545,0.038,1,NA,NA,bivalve,M5_140
23.5,Caldarescu21,M5_134_144,NA,0.43,0.01,-1.99,0.03,FALSE,0.591542032,FALSE,16.601,0.038,1,NA,NA,bivalve,M5_141
23.5,Caldarescu21,M5_134_144,NA,0.4,0.01,-2.05,0.02,FALSE,0.585884812,FALSE,16.625,0.038,1,NA,NA,bivalve,M5_141
23.5,Caldarescu21,M5_134_144,NA,0.32,0.01,-2.34,0.02,FALSE,0.647177994,FALSE,16.308,0.038,1,NA,NA,bivalve,M5_141
23.5,Caldarescu21,M5_134_144,NA,0.34,0.01,-2.02,0.03,FALSE,0.594382036,FALSE,16.491,0.038,1,NA,NA,bivalve,M5_142
23.5,Caldarescu21,M5_134_144,NA,0.28,0.01,-2.14,0.02,FALSE,0.577425604,FALSE,16.432,0.038,1,NA,NA,bivalve,M5_142
23.5,Caldarescu21,M5_134_144,NA,0.33,0.01,-2.03,0.02,FALSE,0.613217929,FALSE,16.596,0.038,1,NA,NA,bivalve,M5_142
23.5,Caldarescu21,M5_134_144,NA,0.37,0.02,-2,0.03,FALSE,0.576471108,FALSE,16.536,0.038,1,NA,NA,bivalve,M5_143
23.5,Caldarescu21,M5_134_144,NA,0.36,0.01,-2.13,0.02,FALSE,0.608517995,FALSE,16.492,0.038,1,NA,NA,bivalve,M5_143
23.5,Caldarescu21,M5_134_144,NA,0.34,0.01,-1.95,0.02,FALSE,0.601899187,FALSE,16.681,0.038,1,NA,NA,bivalve,M5_143
23.5,Caldarescu21,M5_134_144,NA,0.4,0.01,-1.91,0.04,FALSE,0.577401074,FALSE,16.643,0.038,1,NA,NA,bivalve,M5_144
23.5,Caldarescu21,M5_134_144,NA,0.42,0.01,-1.89,0.02,FALSE,0.648059363,FALSE,16.833,0.038,1,NA,NA,bivalve,M5_144
23.5,Caldarescu21,M5_134_144,NA,0.44,0.01,-1.9,0.02,FALSE,0.600939576,FALSE,16.829,0.038,1,NA,NA,bivalve,M5_144
25,Caldarescu21,M5_153_161,NA,0.32,0.01,-2.7,0.02,FALSE,0.629314616,FALSE,15.944,0.038,1,NA,NA,bivalve,M5_153
25,Caldarescu21,M5_153_161,NA,0.3,0.01,-2.63,0.01,FALSE,0.61046419,FALSE,15.964,0.038,1,NA,NA,bivalve,M5_153
25,Caldarescu21,M5_153_161,NA,0.17,0.01,-2.71,0.02,FALSE,0.582217964,FALSE,15.741,0.038,1,NA,NA,bivalve,M5_154
25,Caldarescu21,M5_153_161,NA,0.21,0.01,-2.78,0.01,FALSE,0.581281372,FALSE,15.691,0.038,1,NA,NA,bivalve,M5_154
25,Caldarescu21,M5_153_161,NA,0.23,0.01,-2.9,0.02,FALSE,0.608624604,FALSE,15.575,0.038,1,NA,NA,bivalve,M5_154
25,Caldarescu21,M5_153_161,NA,0.18,0.01,-2.96,0.02,FALSE,0.572823327,FALSE,15.488,0.038,1,NA,NA,bivalve,M5_155
25,Caldarescu21,M5_153_161,NA,0.19,0.01,-3.01,0.02,FALSE,0.558695854,FALSE,15.414,0.038,1,NA,NA,bivalve,M5_155
25,Caldarescu21,M5_153_161,NA,0.22,0.01,-2.98,0.02,FALSE,0.583185946,FALSE,15.521,0.038,1,NA,NA,bivalve,M5_156
25,Caldarescu21,M5_153_161,NA,0.24,0.01,-3.06,0.02,FALSE,0.55021572,FALSE,15.401,0.038,1,NA,NA,bivalve,M5_156
25,Caldarescu21,M5_153_161,NA,0.24,0.01,-2.74,0.02,FALSE,0.523790944,FALSE,15.723,0.038,1,NA,NA,bivalve,M5_157
25,Caldarescu21,M5_153_161,NA,0.24,0.01,-2.68,0.01,FALSE,0.577497452,FALSE,15.814,0.038,1,NA,NA,bivalve,M5_157
25,Caldarescu21,M5_153_161,NA,0.22,0.01,-2.87,0.02,FALSE,0.580352569,FALSE,15.574,0.038,1,NA,NA,bivalve,M5_157
25,Caldarescu21,M5_153_161,NA,-0.05,0.01,-2.36,0.03,FALSE,0.625545809,FALSE,15.937,0.038,1,NA,NA,bivalve,M5_158
25,Caldarescu21,M5_153_161,NA,-0.05,0.01,-2.36,0.01,FALSE,0.599165792,FALSE,15.874,0.038,1,NA,NA,bivalve,M5_158
25,Caldarescu21,M5_153_161,NA,-0.06,0.01,-2.52,0.01,FALSE,0.609555616,FALSE,15.673,0.038,1,NA,NA,bivalve,M5_158
25,Caldarescu21,M5_153_161,NA,-0.07,0.01,-2.54,0.01,FALSE,0.617096833,FALSE,15.656,0.038,1,NA,NA,bivalve,M5_158
25,Caldarescu21,M5_153_161,NA,-0.02,0.01,-2.55,0.02,FALSE,0.579393074,FALSE,15.721,0.038,1,NA,NA,bivalve,M5_159
25,Caldarescu21,M5_153_161,NA,-0.06,0.01,-2.64,0.02,FALSE,0.549258667,FALSE,15.527,0.038,1,NA,NA,bivalve,M5_159
25,Caldarescu21,M5_153_161,NA,-0.06,0.01,-2.69,0.02,FALSE,0.628421853,FALSE,15.517,0.038,1,NA,NA,bivalve,M5_159
25,Caldarescu21,M5_153_161,NA,-0.05,0.01,-2.83,0.02,FALSE,0.593557052,FALSE,15.481,0.038,1,NA,NA,bivalve,M5_160
25,Caldarescu21,M5_153_161,NA,-0.13,0.01,-2.94,0.02,FALSE,0.635991786,FALSE,15.253,0.038,1,NA,NA,bivalve,M5_160
25,Caldarescu21,M5_153_161,NA,-0.04,0.01,-3.05,0.03,FALSE,0.552146685,FALSE,15.004,0.038,1,NA,NA,bivalve,M5_161
25,Caldarescu21,M5_153_161,NA,-0.03,0.01,-3.07,0.02,FALSE,0.595478018,FALSE,15.17,0.038,1,NA,NA,bivalve,M5_161
25,Caldarescu21,M5_153_161,NA,0,0.01,-3.11,0.02,FALSE,0.542713218,FALSE,15.085,0.038,1,NA,NA,bivalve,M5_161
27,Caldarescu21,M5_123_133,NA,0.43,0.01,-3.48,0.03,FALSE,0.56345229,FALSE,15.032,0.038,1,NA,NA,bivalve,M5_123
27,Caldarescu21,M5_123_133,NA,0.42,0.01,-3.53,0.02,FALSE,0.565330241,FALSE,15.091,0.038,1,NA,NA,bivalve,M5_123
27,Caldarescu21,M5_123_133,NA,0.47,0.01,-3.58,0.02,FALSE,0.58700486,FALSE,15.097,0.038,1,NA,NA,bivalve,M5_123
27,Caldarescu21,M5_123_133,NA,0.41,0.02,-3.48,0.03,FALSE,0.569107651,FALSE,15.024,0.038,1,NA,NA,bivalve,M5_124
27,Caldarescu21,M5_123_133,NA,0.4,0.01,-3.6,0.02,FALSE,0.619051979,FALSE,15.051,0.038,1,NA,NA,bivalve,M5_124
27,Caldarescu21,M5_123_133,NA,0.39,0.01,-3.57,0.02,FALSE,0.594551192,FALSE,15.036,0.038,1,NA,NA,bivalve,M5_124
27,Caldarescu21,M5_123_133,NA,0.28,0.02,-3.51,0.03,FALSE,0.571011062,FALSE,14.864,0.038,1,NA,NA,bivalve,M5_125
27,Caldarescu21,M5_123_133,NA,0.29,0.01,-3.49,0.02,FALSE,0.552151917,FALSE,14.959,0.038,1,NA,NA,bivalve,M5_125
27,Caldarescu21,M5_123_133,NA,0.47,0.01,-3.5,0.03,FALSE,0.550258504,FALSE,15.033,0.038,1,NA,NA,bivalve,M5_126
27,Caldarescu21,M5_123_133,NA,0.45,0.01,-3.55,0.02,FALSE,0.666160257,FALSE,15.154,0.038,1,NA,NA,bivalve,M5_126
27,Caldarescu21,M5_123_133,NA,0.45,0.01,-3.54,0.02,FALSE,0.5728689,FALSE,15.096,0.038,1,NA,NA,bivalve,M5_126
27,Caldarescu21,M5_123_133,NA,0.54,0.02,-3.53,0.04,FALSE,0.562505119,FALSE,15.073,0.038,1,NA,NA,bivalve,M5_127
27,Caldarescu21,M5_123_133,NA,0.56,0.01,-3.53,0.02,FALSE,0.578509612,FALSE,15.214,0.038,1,NA,NA,bivalve,M5_127
27,Caldarescu21,M5_123_133,NA,0.64,0.02,-3.7,0.04,FALSE,0.570995251,FALSE,15,0.038,1,NA,NA,bivalve,M5_128
27,Caldarescu21,M5_123_133,NA,0.46,0.01,-3.46,0.02,FALSE,0.631281969,FALSE,15.234,0.038,1,NA,NA,bivalve,M5_128
27,Caldarescu21,M5_123_133,NA,0.64,0.01,-3.7,0.02,FALSE,0.565327684,FALSE,15.113,0.038,1,NA,NA,bivalve,M5_128
27,Caldarescu21,M5_123_133,NA,0.37,0.01,-3.62,0.03,FALSE,0.616245691,FALSE,14.871,0.038,1,NA,NA,bivalve,M5_129
27,Caldarescu21,M5_123_133,NA,0.57,0.01,-3.73,0.03,FALSE,0.63601248,FALSE,15.075,0.038,1,NA,NA,bivalve,M5_129
27,Caldarescu21,M5_123_133,NA,0.52,0.01,-3.76,0.02,FALSE,0.59644414,FALSE,14.966,0.038,1,NA,NA,bivalve,M5_129
27,Caldarescu21,M5_123_133,NA,0.55,0.02,-3.5,0.04,FALSE,0.556846271,FALSE,15.111,0.038,1,NA,NA,bivalve,M5_130
27,Caldarescu21,M5_123_133,NA,0.55,0.01,-3.56,0.02,FALSE,0.538937087,FALSE,15.141,0.038,1,NA,NA,bivalve,M5_130
27,Caldarescu21,M5_123_133,NA,0.68,0.02,-3.58,0.03,FALSE,0.591705957,FALSE,15.191,0.038,1,NA,NA,bivalve,M5_131
27,Caldarescu21,M5_123_133,NA,0.71,0.01,-3.42,0.02,FALSE,0.603914904,FALSE,15.555,0.038,1,NA,NA,bivalve,M5_132
27,Caldarescu21,M5_123_133,NA,0.67,0.01,-3.46,0.02,FALSE,0.524772528,FALSE,15.386,0.038,1,NA,NA,bivalve,M5_132
27,Caldarescu21,M5_123_133,NA,0.71,0.01,-3.54,0.01,FALSE,0.555879219,FALSE,15.323,0.038,1,NA,NA,bivalve,M5_132
27,Caldarescu21,M5_123_133,NA,0.77,0.01,-3.34,0.01,FALSE,0.587880184,FALSE,15.674,0.038,1,NA,NA,bivalve,M5_133
27,Caldarescu21,M5_123_133,NA,0.79,0.01,-3.38,0.02,FALSE,0.548307194,FALSE,15.605,0.038,1,NA,NA,bivalve,M5_133
27.5,Caldarescu21,M5_162_170,NA,0.11,0.02,-3.18,0.03,FALSE,0.558742242,FALSE,15.015,0.038,1,NA,NA,bivalve,M5_162
27.5,Caldarescu21,M5_162_170,NA,0.08,0.01,-3.36,0.02,FALSE,0.641677025,FALSE,14.988,0.038,1,NA,NA,bivalve,M5_162
27.5,Caldarescu21,M5_162_170,NA,0.15,0.01,-3.31,0.02,FALSE,0.562508607,FALSE,15.043,0.038,1,NA,NA,bivalve,M5_162
27.5,Caldarescu21,M5_162_170,NA,0.22,0.02,-2.43,0.03,FALSE,0.586907784,FALSE,15.932,0.038,1,NA,NA,bivalve,M5_163
27.5,Caldarescu21,M5_162_170,NA,0.09,0.01,-3.3,0.02,FALSE,0.604919508,FALSE,15.02,0.038,1,NA,NA,bivalve,M5_163
27.5,Caldarescu21,M5_162_170,NA,0.04,0.01,-3.37,0.02,FALSE,0.483375299,FALSE,14.796,0.038,1,NA,NA,bivalve,M5_163
27.5,Caldarescu21,M5_162_170,NA,0.05,0.01,-3.36,0.03,FALSE,0.538039093,FALSE,14.759,0.038,1,NA,NA,bivalve,M5_164
27.5,Caldarescu21,M5_162_170,NA,0.07,0.01,-3.31,0.02,FALSE,0.5879611,FALSE,14.978,0.038,1,NA,NA,bivalve,M5_164
27.5,Caldarescu21,M5_162_170,NA,0.07,0.01,-3.31,0.01,FALSE,0.549326562,FALSE,14.943,0.038,1,NA,NA,bivalve,M5_164
27.5,Caldarescu21,M5_162_170,NA,0.01,0.02,-3.33,0.03,FALSE,0.579502357,FALSE,14.781,0.038,1,NA,NA,bivalve,M5_165
27.5,Caldarescu21,M5_162_170,NA,0.02,0.01,-3.31,0.02,FALSE,0.641679001,FALSE,14.971,0.038,1,NA,NA,bivalve,M5_165
27.5,Caldarescu21,M5_162_170,NA,0.07,0.01,-3.29,0.02,FALSE,0.590784711,FALSE,15.009,0.038,1,NA,NA,bivalve,M5_165
27.5,Caldarescu21,M5_162_170,NA,0.02,0.02,-3.58,0.03,FALSE,0.547490929,FALSE,14.52,0.038,1,NA,NA,bivalve,M5_166
27.5,Caldarescu21,M5_162_170,NA,-0.01,0.01,-3.65,0.02,FALSE,0.581416464,FALSE,14.529,0.038,1,NA,NA,bivalve,M5_166
27.5,Caldarescu21,M5_162_170,NA,0.01,0.01,-3.61,0.02,FALSE,0.594600021,FALSE,14.616,0.038,1,NA,NA,bivalve,M5_166
27.5,Caldarescu21,M5_162_170,NA,0.09,0.01,-3.54,0.03,FALSE,0.589882182,FALSE,14.666,0.038,1,NA,NA,bivalve,M5_167
27.5,Caldarescu21,M5_162_170,NA,0.11,0.01,-3.52,0.02,FALSE,0.59174688,FALSE,14.839,0.038,1,NA,NA,bivalve,M5_167
27.5,Caldarescu21,M5_162_170,NA,0.08,0.02,-3.3,0.03,FALSE,0.602103802,FALSE,14.921,0.038,1,NA,NA,bivalve,M5_168
27.5,Caldarescu21,M5_162_170,NA,0.05,0.01,-3.38,0.02,FALSE,0.570065983,FALSE,14.887,0.038,1,NA,NA,bivalve,M5_168
27.5,Caldarescu21,M5_162_170,NA,0.07,0.01,-3.41,0.02,FALSE,0.556875684,FALSE,14.858,0.038,1,NA,NA,bivalve,M5_168
27.5,Caldarescu21,M5_162_170,NA,0.08,0.02,-3.32,0.03,FALSE,0.559704062,FALSE,14.848,0.038,1,NA,NA,bivalve,M5_169
27.5,Caldarescu21,M5_162_170,NA,0.05,0.01,-3.34,0.02,FALSE,0.579483988,FALSE,14.939,0.038,1,NA,NA,bivalve,M5_169
27.5,Caldarescu21,M5_162_170,NA,0.11,0.01,-3.32,0.02,FALSE,0.673706705,FALSE,15.092,0.038,1,NA,NA,bivalve,M5_169
27.5,Caldarescu21,M5_162_170,NA,0.07,0.01,-3.33,0.03,FALSE,0.639802445,FALSE,14.9,0.038,1,NA,NA,bivalve,M5_170
27.5,Caldarescu21,M5_162_170,NA,0.03,0.01,-3.46,0.02,FALSE,0.572904708,FALSE,14.788,0.038,1,NA,NA,bivalve,M5_170
28,Caldarescu21,M5_115_122,NA,0.24,0.01,-3.73,0.02,FALSE,0.602117288,FALSE,14.805,0.038,1,NA,NA,bivalve,M5_115
28,Caldarescu21,M5_115_122,NA,-0.01,0.01,-4.32,0.02,FALSE,0.567358049,FALSE,13.861,0.038,1,NA,NA,bivalve,M5_115
28,Caldarescu21,M5_115_122,NA,0.02,0.01,-4.24,0.02,FALSE,0.580538815,FALSE,13.972,0.038,1,NA,NA,bivalve,M5_115
28,Caldarescu21,M5_115_122,NA,-0.12,0.01,-4.56,0.02,FALSE,0.571168709,FALSE,13.508,0.038,1,NA,NA,bivalve,M5_116
28,Caldarescu21,M5_115_122,NA,-0.13,0.01,-4.61,0.02,FALSE,0.55515724,FALSE,13.427,0.038,1,NA,NA,bivalve,M5_116
28,Caldarescu21,M5_115_122,NA,-0.09,0.01,-4.55,0.02,FALSE,0.571169988,FALSE,13.497,0.038,1,NA,NA,bivalve,M5_116
28,Caldarescu21,M5_115_122,NA,-0.04,0.01,-4.63,0.02,FALSE,0.562688226,FALSE,13.498,0.038,1,NA,NA,bivalve,M5_117
28,Caldarescu21,M5_115_122,NA,-0.08,0.03,-4.73,0.03,FALSE,0.58720436,FALSE,13.381,0.038,1,NA,NA,bivalve,M5_117
28,Caldarescu21,M5_115_122,NA,-0.03,0.01,-4.56,0.02,FALSE,0.559855779,FALSE,13.543,0.038,1,NA,NA,bivalve,M5_117
28,Caldarescu21,M5_115_122,NA,-0.03,0.01,-4.09,0.02,FALSE,0.598429165,FALSE,14.104,0.038,1,NA,NA,bivalve,M5_118
28,Caldarescu21,M5_115_122,NA,-0.07,0.01,-4.21,0.01,FALSE,0.600334553,FALSE,13.927,0.038,1,NA,NA,bivalve,M5_118
28,Caldarescu21,M5_115_122,NA,-0.05,0.01,-4.28,0.02,FALSE,0.564536066,FALSE,13.816,0.038,1,NA,NA,bivalve,M5_118
28,Caldarescu21,M5_115_122,NA,0.13,0.01,-3.87,0.02,FALSE,0.561632818,FALSE,14.47,0.038,1,NA,NA,bivalve,M5_119
28,Caldarescu21,M5_115_122,NA,0.12,0.01,-3.81,0.02,FALSE,0.509803679,FALSE,14.443,0.038,1,NA,NA,bivalve,M5_119
28,Caldarescu21,M5_115_122,NA,0.11,0.01,-3.88,0.02,FALSE,0.549392597,FALSE,14.375,0.038,1,NA,NA,bivalve,M5_119
28,Caldarescu21,M5_115_122,NA,0.2,0.01,-3.94,0.03,FALSE,0.593687726,FALSE,14.357,0.038,1,NA,NA,bivalve,M5_120
28,Caldarescu21,M5_115_122,NA,0.17,0.01,-4.06,0.02,FALSE,0.60217658,FALSE,14.295,0.038,1,NA,NA,bivalve,M5_120
28,Caldarescu21,M5_115_122,NA,0.17,0.01,-4.07,0.02,FALSE,0.546578286,FALSE,14.264,0.038,1,NA,NA,bivalve,M5_120
28,Caldarescu21,M5_115_122,NA,0.36,0.02,-3.76,0.03,FALSE,0.636051775,FALSE,14.737,0.038,1,NA,NA,bivalve,M5_121
28,Caldarescu21,M5_115_122,NA,0.31,0.01,-3.8,0.02,FALSE,0.570087142,FALSE,14.705,0.038,1,NA,NA,bivalve,M5_121
28,Caldarescu21,M5_115_122,NA,0.36,0.02,-3.7,0.03,FALSE,0.567255509,FALSE,14.743,0.038,1,NA,NA,bivalve,M5_122
28,Caldarescu21,M5_115_122,NA,0.38,0.01,-3.69,0.02,FALSE,0.580431392,FALSE,14.896,0.038,1,NA,NA,bivalve,M5_122
28,Caldarescu21,M5_115_122,NA,0.39,0.01,-3.79,0.02,FALSE,0.561596545,FALSE,14.782,0.038,1,NA,NA,bivalve,M5_122
28,Caldarescu21,M5_171_175,NA,-0.04,0.01,-3.78,0.03,FALSE,0.643637752,FALSE,14.335,0.038,1,NA,NA,bivalve,M5_171
28,Caldarescu21,M5_171_175,NA,0.05,0.01,-3.86,0.02,FALSE,0.594623621,FALSE,14.413,0.038,1,NA,NA,bivalve,M5_171
28,Caldarescu21,M5_171_175,NA,0,0.01,-3.86,0.01,FALSE,0.555052724,FALSE,14.326,0.038,1,NA,NA,bivalve,M5_171
28,Caldarescu21,M5_171_175,NA,-0.1,0.01,-3.99,0.02,FALSE,0.588057013,FALSE,14.153,0.038,1,NA,NA,bivalve,M5_172
28,Caldarescu21,M5_171_175,NA,-0.08,0.01,-3.93,0.01,FALSE,0.579568392,FALSE,14.213,0.038,1,NA,NA,bivalve,M5_172
28,Caldarescu21,M5_171_175,NA,-0.06,0.01,-3.88,0.02,FALSE,0.551296124,FALSE,14.214,0.038,1,NA,NA,bivalve,M5_172
28,Caldarescu21,M5_171_175,NA,-0.01,0.01,-3.86,0.02,FALSE,0.594627225,FALSE,14.382,0.038,1,NA,NA,bivalve,M5_173
28,Caldarescu21,M5_171_175,NA,-0.04,0.01,-4.03,0.02,FALSE,0.577692534,FALSE,14.136,0.038,1,NA,NA,bivalve,M5_173
28,Caldarescu21,M5_171_175,NA,-0.04,0.01,-3.93,0.02,FALSE,0.547530225,FALSE,14.182,0.038,1,NA,NA,bivalve,M5_173
28,Caldarescu21,M5_171_175,NA,0.04,0.01,-3.87,0.02,FALSE,0.531491667,FALSE,14.334,0.038,1,NA,NA,bivalve,M5_174
28,Caldarescu21,M5_171_175,NA,0.01,0.01,-4.03,0.02,FALSE,0.546595376,FALSE,14.117,0.038,1,NA,NA,bivalve,M5_174
28,Caldarescu21,M5_171_175,NA,0.14,0.01,-3.93,0.02,FALSE,0.568234071,FALSE,14.432,0.038,1,NA,NA,bivalve,M5_175
28,Caldarescu21,M5_171_175,NA,0.18,0.01,-3.86,0.02,FALSE,0.546550849,FALSE,14.5,0.038,1,NA,NA,bivalve,M5_175
28,Caldarescu21,M5_171_175,NA,0.16,0.01,-4.02,0.02,FALSE,0.587096123,FALSE,14.312,0.038,1,NA,NA,bivalve,M5_175
47,Breitenbach18,NAICA1,NA,2.656,0.04,-11.858,0.079,FALSE,0.548,FALSE,-10.991,0.035,1,NA,NA,cave deposit,
47,Breitenbach18,NAICA1,NA,2.631,0.04,-11.834,0.079,FALSE,0.463,FALSE,-11.076,0.035,1,NA,NA,cave deposit,
47,Breitenbach18,NAICA1,NA,2.587,0.04,-11.94,0.079,FALSE,0.489,FALSE,-11.2,0.035,1,NA,NA,cave deposit,
47,Breitenbach18,NAICA1,NA,2.612,0.04,-11.961,0.079,FALSE,0.517,FALSE,-11.168,0.035,1,NA,NA,cave deposit,
47,Breitenbach18,NAICA1,NA,2.58,0.04,-11.987,0.079,FALSE,0.515,FALSE,-11.227,0.035,1,NA,NA,cave deposit,
47,Breitenbach18,NAICA1,NA,2.503,0.04,-12.116,0.079,FALSE,0.565,FALSE,-11.383,0.035,1,NA,NA,cave deposit,
47,Breitenbach18,NAICA1,NA,2.63,0.04,-11.934,0.079,FALSE,0.583,FALSE,-11.059,0.035,1,NA,NA,cave deposit,
47,Breitenbach18,NAICA1-S103,NA,2.618,0.04,-11.946,0.079,FALSE,0.519,FALSE,-11.147,0.035,1,NA,NA,cave deposit,
47,Breitenbach18,NAICA1-S103,NA,2.606,0.04,-11.95,0.079,FALSE,0.535,FALSE,-11.146,0.035,1,NA,NA,cave deposit,
47,Breitenbach18,NAICA1-S103,NA,2.593,0.04,-12.012,0.079,FALSE,0.534,FALSE,-11.222,0.035,1,NA,NA,cave deposit,
47,Breitenbach18,NAICA1,NA,2.552,0.04,-12.103,0.079,FALSE,0.56,FALSE,-11.328,0.035,1,NA,NA,cave deposit,
47,Breitenbach18,NAICA1,NA,2.621,0.04,-11.95,0.079,FALSE,0.536,FALSE,-11.13,0.035,1,NA,NA,cave deposit,
47,Breitenbach18,NAICA1,NA,2.594,0.04,-11.938,0.079,FALSE,0.578,FALSE,-11.102,0.035,1,NA,NA,cave deposit,
47,Breitenbach18,NAICA1,NA,2.552,0.04,-12.103,0.079,FALSE,0.56,FALSE,-11.328,0.035,1,NA,NA,cave deposit,
47,Breitenbach18,NAICA 1,NA,2.535,0.04,-12.033,0.079,FALSE,0.492,FALSE,-11.17,0.035,1,NA,NA,cave deposit,
47,Breitenbach18,NAICA 1,NA,2.56,0.04,-11.965,0.079,FALSE,0.542,FALSE,-11.028,0.035,1,NA,NA,cave deposit,
70.9,Kele15,SZ 2/2 travertine,NA,2.917,0.146,-20.474,0.406,FALSE,0.463,FALSE,-4.481,0.038,1,NA,NA,travertine,
70.9,Kele15,SZ 2/2 travertine,NA,2.867,0.146,-20.634,0.406,FALSE,0.471,FALSE,-4.688,0.038,1,NA,NA,travertine,
70.9,Kele15,SZ 2/2 travertine,NA,2.917,0.146,-20.494,0.406,FALSE,0.464,FALSE,-4.501,0.038,1,NA,NA,travertine,
70.9,Kele15,SZ 2/2 travertine,NA,2.842,0.146,-20.69,0.406,FALSE,0.492,FALSE,-4.75,0.038,1,NA,NA,travertine,
70.9,Kele15,SZ 2/2 travertine,NA,2.906,0.146,-20.483,0.406,FALSE,0.49,FALSE,-4.475,0.038,1,NA,NA,travertine,
70.9,Kele15,SZ 2/2 travertine,NA,2.809,0.146,-20.724,0.406,FALSE,0.501,FALSE,-4.808,0.038,1,NA,NA,travertine,
70.9,Kele15,SZ 2/2 travertine,NA,2.852,0.146,-20.652,0.406,FALSE,0.532,FALSE,-4.663,0.038,1,NA,NA,travertine,
70.9,Kele15,SZ 2/2 travertine,NA,2.914,0.146,-20.527,0.406,FALSE,0.537,FALSE,-4.47,0.038,1,NA,NA,travertine,
70.9,Kele15,SZ 2/2 travertine,NA,2.902,0.146,-20.527,0.406,FALSE,0.488,FALSE,-4.527,0.038,1,NA,NA,travertine,
70.9,Kele15,SZ 2/2 travertine,NA,2.915,0.146,-20.509,0.406,FALSE,0.539,FALSE,-4.449,0.038,1,NA,NA,travertine,
70.9,Kele15,SZ 2/2 travertine,NA,2.863,0.146,-20.661,0.406,FALSE,0.462,FALSE,-4.728,0.038,1,NA,NA,travertine,
70.9,Kele15,SZ 2/2 travertine,NA,2.886,0.146,-20.594,0.406,FALSE,0.429,FALSE,-4.667,0.038,1,NA,NA,travertine,
79.2,Kele15,Kor 13/0 travertine,NA,3.637,0.081,-21.93,0.142,FALSE,0.49,FALSE,-5.272,0.024,1,NA,NA,travertine,
79.2,Kele15,Kor 13/0 travertine,NA,3.542,0.081,-22.081,0.142,FALSE,0.488,FALSE,-5.519,0.024,1,NA,NA,travertine,
79.2,Kele15,Kor 13/0 travertine,NA,3.629,0.081,-21.963,0.142,FALSE,0.439,FALSE,-5.361,0.024,1,NA,NA,travertine,
79.2,Kele15,Kor 13/0 travertine,NA,3.626,0.081,-21.913,0.142,FALSE,0.477,FALSE,-5.277,0.024,1,NA,NA,travertine,
79.2,Kele15,Kor 13/0 travertine,NA,3.654,0.081,-21.946,0.142,FALSE,0.501,FALSE,-5.262,0.024,1,NA,NA,travertine,
79.2,Kele15,Kor 13/0 travertine,NA,3.557,0.081,-22.073,0.142,FALSE,0.468,FALSE,-5.517,0.024,1,NA,NA,travertine,
79.2,Kele15,Kor 13/0 travertine,NA,3.566,0.081,-22.074,0.142,FALSE,0.481,FALSE,-5.497,0.024,1,NA,NA,travertine,
79.2,Kele15,Kor 13/0 travertine,NA,3.643,0.081,-21.905,0.142,FALSE,0.434,FALSE,-5.293,0.024,1,NA,NA,travertine,
79.2,Kele15,Kor 13/0 travertine,NA,3.58,0.081,-22.002,0.142,FALSE,0.486,FALSE,-5.385,0.024,1,NA,NA,travertine,
79.2,Kele15,Kor 13/0 travertine,NA,3.652,0.081,-21.952,0.142,FALSE,0.475,FALSE,-5.297,0.024,1,NA,NA,travertine,
79.2,Kele15,Kor 13/0 travertine,NA,3.651,0.081,-21.926,0.142,FALSE,0.399,FALSE,-5.343,0.024,1,NA,NA,travertine,
79.2,Kele15,Kor 13/0 travertine,NA,3.659,0.081,-21.935,0.142,FALSE,0.487,FALSE,-5.261,0.024,1,NA,NA,travertine,
79.2,Kele15,Kor 13/0 travertine,NA,3.572,0.081,-22.048,0.142,FALSE,0.399,FALSE,-5.544,0.024,1,NA,NA,travertine,
79.2,Kele15,Kor 13/0 travertine,NA,3.717,0.081,-21.844,0.142,FALSE,0.471,FALSE,-5.127,0.024,1,NA,NA,travertine,
79.2,Kele15,Kor 13/0 travertine,NA,3.674,0.081,-21.835,0.142,FALSE,0.386,FALSE,-5.238,0.024,1,NA,NA,travertine,
79.2,Kele15,Kor 13/0 travertine,NA,3.621,0.081,-21.957,0.142,FALSE,0.468,FALSE,-5.338,0.024,1,NA,NA,travertine,
79.2,Kele15,Kor 13/0 travertine,NA,3.6,0.081,-21.925,0.142,FALSE,0.473,FALSE,-5.322,0.024,1,NA,NA,travertine,
79.2,Kele15,Kor 13/0 travertine,NA,3.659,0.081,-21.931,0.142,FALSE,0.428,FALSE,-5.313,0.024,1,NA,NA,travertine,
79.2,Kele15,Kor 13/0 travertine,NA,3.586,0.081,-22.008,0.142,FALSE,0.509,FALSE,-5.387,0.024,1,NA,NA,travertine,
79.2,Kele15,Kor 13/0 travertine,NA,3.606,0.081,-22.022,0.142,FALSE,0.439,FALSE,-5.447,0.024,1,NA,NA,travertine,
79.2,Kele15,Kor 13/0 travertine,NA,3.638,0.081,-21.921,0.142,FALSE,0.421,FALSE,-5.329,0.024,1,NA,NA,travertine,
79.2,Kele15,Kor 13/0 travertine,NA,3.573,0.081,-22.077,0.142,FALSE,0.456,FALSE,-5.52,0.024,1,NA,NA,travertine,
79.2,Kele15,Kor 13/0 travertine,NA,3.628,0.081,-21.931,0.142,FALSE,0.501,FALSE,-5.273,0.024,1,NA,NA,travertine,
79.2,Kele15,Kor 13/0 travertine,NA,3.643,0.081,-21.969,0.142,FALSE,0.466,FALSE,-5.332,0.024,1,NA,NA,travertine,
79.2,Kele15,Kor 13/0 travertine,NA,3.541,0.081,-22.102,0.142,FALSE,0.424,FALSE,-5.607,0.024,1,NA,NA,travertine,
79.2,Kele15,Kor 13/0 travertine,NA,3.637,0.081,-21.936,0.142,FALSE,0.419,FALSE,-5.348,0.024,1,NA,NA,travertine,
79.2,Kele15,Kor 13/0 travertine,NA,3.648,0.081,-21.954,0.142,FALSE,0.424,FALSE,-5.409,0.024,1,NA,NA,travertine,
79.2,Kele15,Kor 13/0 travertine,NA,3.538,0.081,-22.181,0.142,FALSE,0.439,FALSE,-5.732,0.024,1,NA,NA,travertine,
79.2,Kele15,Kor 13/0 travertine,NA,3.615,0.081,-21.985,0.142,FALSE,0.518,FALSE,-5.378,0.024,1,NA,NA,travertine,
79.2,Kele15,Kor 13/0 travertine,NA,3.649,0.081,-21.947,0.142,FALSE,0.483,FALSE,-5.341,0.024,1,NA,NA,travertine,
79.2,Kele15,Kor 13/0 travertine,NA,3.565,0.081,-22.155,0.142,FALSE,0.457,FALSE,-5.663,0.024,1,NA,NA,travertine,
79.2,Kele15,Kor 13/0 travertine,NA,3.64,0.081,-22.015,0.142,FALSE,0.417,FALSE,-5.487,0.024,1,NA,NA,travertine,
79.2,Kele15,Kor 13/0 travertine,NA,3.599,0.081,-22.073,0.142,FALSE,0.429,FALSE,-5.574,0.024,1,NA,NA,travertine,
79.2,Kele15,Kor 13/0 travertine,NA,3.613,0.081,-22.05,0.142,FALSE,0.46,FALSE,-5.505,0.024,1,NA,NA,travertine,
79.2,Kele15,Kor 13/0 travertine,NA,3.664,0.081,-21.94,0.142,FALSE,0.494,FALSE,-5.309,0.024,1,NA,NA,travertine,
79.2,Kele15,Kor 13/0 travertine,NA,3.565,0.081,-22.111,0.142,FALSE,0.484,FALSE,-5.592,0.024,1,NA,NA,travertine,
80,Kluge15,JOHN_HT_80C,NA,1.025,0.094,-15.352,0.338,FALSE,0.51,FALSE,0.916,0.039,2,NA,NA,precipitated inorganic,
80,Kluge15,JOHN_HT_80C,NA,1.001,0.094,-15.47,0.338,FALSE,0.463,FALSE,-0.032,0.039,2,NA,NA,precipitated inorganic,
80,Kluge15,JOHN_HT_80C,NA,1.092,0.094,-15.104,0.338,FALSE,0.513,FALSE,2.384,0.039,2,NA,NA,precipitated inorganic,
80,Kluge15,JOHN_HT_80C,NA,1.126,0.094,-15.115,0.338,FALSE,0.488,FALSE,2.343,0.039,2,NA,NA,precipitated inorganic,
80,Kluge15,JOHN_HT_80C,NA,1.122,0.094,-15.081,0.338,FALSE,0.504,FALSE,2.39,0.039,2,NA,NA,precipitated inorganic,
80,Kluge15,JOHN_HT_80C,NA,1.116,0.094,-15.076,0.338,FALSE,0.464,FALSE,2.31,0.039,2,NA,NA,precipitated inorganic,
80,Kluge15,JOHN_HT_80C,NA,1.116,0.094,-15.094,0.338,FALSE,0.485,FALSE,2.308,0.039,2,NA,NA,precipitated inorganic,
80,Kluge15,JOHN_HT_80C,NA,1.124,0.094,-15.167,0.338,FALSE,0.464,FALSE,2.142,0.039,2,NA,NA,precipitated inorganic,
80,Kluge15,JOHN_HT_80C,NA,1.087,0.094,-15.131,0.338,FALSE,0.49,FALSE,1.953,0.039,2,NA,NA,precipitated inorganic,
91,Kluge15,"10, 90C- Nosalt",NA,-31.201,0.094,-20.657,0.338,FALSE,0.473,FALSE,-34.973,0.037,0.5,NA,NA,precipitated inorganic,
91,Kluge15,"10, 90C- Nosalt",NA,-31.198,0.094,-20.54,0.338,FALSE,0.425,FALSE,-34.901,0.037,0.5,NA,NA,precipitated inorganic,
850,Muller17,Bilin 1,NA,3.24,0.066,-8.33,0.128,FALSE,0.104,FALSE,8.49,0.03,10,NA,NA,heated inorganic,
850,Muller17,Bilin 1,NA,3.23,0.066,-8.34,0.128,FALSE,0.142,FALSE,8.51,0.03,10,NA,NA,heated inorganic,
850,Muller17,Bilin 1,NA,3.24,0.066,-8.37,0.128,FALSE,0.125,FALSE,8.5,0.03,10,NA,NA,heated inorganic,
850,Muller17,Bilin 1,NA,3.13,0.066,-8.3,0.128,FALSE,0.101,FALSE,8.43,0.03,10,NA,NA,heated inorganic,
850,Muller17,Bilin 1,NA,3.23,0.066,-8.37,0.128,FALSE,0.113,FALSE,8.49,0.03,10,NA,NA,heated inorganic,
850,Muller17,Bilin 1,NA,3.19,0.066,-8.4,0.128,FALSE,0.107,FALSE,8.4,0.03,10,NA,NA,heated inorganic,
850,Muller17,Bilin 1,NA,3.23,0.066,-8.34,0.128,FALSE,0.128,FALSE,8.54,0.03,10,NA,NA,heated inorganic,
850,Muller17,Bilin 1,NA,3.22,0.066,-8.35,0.128,FALSE,0.124,FALSE,8.51,0.03,10,NA,NA,heated inorganic,
850,Muller17,Bilin 1,NA,3.23,0.066,-8.32,0.128,FALSE,0.138,FALSE,8.58,0.03,10,NA,NA,heated inorganic,
850,Muller17,Bilin 1,NA,3.25,0.066,-8.36,0.128,FALSE,0.1,FALSE,8.51,0.03,10,NA,NA,heated inorganic,
850,Muller17,Bilin 1,NA,3.2,0.066,-8.35,0.128,FALSE,0.103,FALSE,8.34,0.03,10,NA,NA,heated inorganic,
850,Muller17,Bilin 1,NA,3.23,0.066,-8.32,0.128,FALSE,0.136,FALSE,8.44,0.03,10,NA,NA,heated inorganic,
850,Muller17,Bilin 1,NA,3.23,0.066,-8.37,0.128,FALSE,0.145,FALSE,8.35,0.03,10,NA,NA,heated inorganic,
850,Muller17,Bilin 1,NA,3.2,0.066,-8.41,0.128,FALSE,0.162,FALSE,8.3,0.03,10,NA,NA,heated inorganic,
850,Muller17,Bilin 1,NA,3.24,0.066,-8.33,0.128,FALSE,0.108,FALSE,8.4,0.03,10,NA,NA,heated inorganic,
850,Muller17,Bilin 1,NA,3.25,0.066,-8.33,0.128,FALSE,0.095,FALSE,8.4,0.03,10,NA,NA,heated inorganic,
850,Muller17,Bilin 1,NA,3.22,0.066,-8.39,0.128,FALSE,0.071,FALSE,8.29,0.03,10,NA,NA,heated inorganic,
850,Muller17,Bilin 1,NA,3.21,0.066,-8.38,0.128,FALSE,0.131,FALSE,8.41,0.03,10,NA,NA,heated inorganic,
850,Muller17,Bilin 1,NA,3.23,0.066,-8.39,0.128,FALSE,0.113,FALSE,8.39,0.03,10,NA,NA,heated inorganic,
850,Muller17,Bilin 1,NA,3.21,0.066,-7.97,0.128,FALSE,0.1,FALSE,8.45,0.03,10,NA,NA,heated inorganic,
850,Muller17,Bilin 1,NA,3.21,0.066,-7.98,0.128,FALSE,0.1,FALSE,8.43,0.03,10,NA,NA,heated inorganic,
850,Muller17,Bilin 1,NA,3.2,0.066,-8.37,0.128,FALSE,0.105,FALSE,8.43,0.03,10,NA,NA,heated inorganic,
850,Muller17,Bilin 1,NA,3.23,0.066,-8.35,0.128,FALSE,0.088,FALSE,8.46,0.03,10,NA,NA,heated inorganic,
850,Muller17,Bilin 2,NA,-10.89,0.066,-5.53,0.128,FALSE,0.135,FALSE,-2.36,0.03,10,NA,NA,heated inorganic,
850,Muller17,Bilin 2,NA,-10.9,0.066,-5.58,0.128,FALSE,0.175,FALSE,-2.39,0.03,10,NA,NA,heated inorganic,
850,Muller17,Bilin 2,NA,-10.99,0.066,-5.64,0.128,FALSE,0.112,FALSE,-2.57,0.03,10,NA,NA,heated inorganic,
850,Muller17,Bilin 2,NA,-11.01,0.066,-5.71,0.128,FALSE,0.12,FALSE,-2.66,0.03,10,NA,NA,heated inorganic,
850,Muller17,Bilin 2,NA,-10.91,0.066,-5.62,0.128,FALSE,0.108,FALSE,-2.45,0.03,10,NA,NA,heated inorganic,
850,Muller17,Bilin 2,NA,-10.91,0.066,-5.58,0.128,FALSE,0.128,FALSE,-2.42,0.03,10,NA,NA,heated inorganic,
850,Muller17,Bilin 2,NA,-10.95,0.066,-5.61,0.128,FALSE,0.142,FALSE,-2.41,0.03,10,NA,NA,heated inorganic,
850,Muller17,Bilin 2,NA,-10.95,0.066,-5.41,0.128,FALSE,0.094,FALSE,-2.24,0.03,10,NA,NA,heated inorganic,
850,Muller17,Bilin 2,NA,-10.92,0.066,-5.17,0.128,FALSE,0.153,FALSE,-2.27,0.03,10,NA,NA,heated inorganic,
850,Muller17,Bilin 2,NA,-10.89,0.066,-5.18,0.128,FALSE,0.142,FALSE,-2.27,0.03,10,NA,NA,heated inorganic,
850,Muller17,Bilin 2,NA,-10.97,0.066,-5.61,0.128,FALSE,0.13,FALSE,-2.41,0.03,10,NA,NA,heated inorganic,
850,Muller17,Bilin 2,NA,-11.13,0.066,-5.66,0.128,FALSE,0.065,FALSE,-2.68,0.03,10,NA,NA,heated inorganic,
